web-scraper-order,web-scraper-start-url,link,link-href,Job Title,Company,Time,Persyaratan,Skill,Jobdesc,Alamat
"1726201819-1","https://glints.com/id/opportunities/jobs/explore?keyword=dokter&country=ID&locationName=All+Cities%2FProvinces&lowestLocationLevel=1&page=3","","https://glints.com/id/opportunities/jobs/dokter-gigi/5a74458c-4fc9-4865-894a-683287d28383?utm_referrer=explore&traceInfo=882295de77e7519c9fe5a8880bef169e","Dokter Gigi","JH AESTHETIC","Penuh Waktu · Kerja di kantor","PersyaratanKerja di kantorPengalaman kurang dari 1 tahunMinimal Sarjana (S1)","SkillsDentistHealthcare","We are hiring Dokter GigiKualifikasi :Dokter Gigi UmumMemiliki STRSIP akan dibantu urusMemiliki skill komunikasi yang baikBerpengalaman diutamakanLokasi : Kab. TangerangSalary diinfokan ketika interview","Alamat kantorSuvarna sutera Ruko terrace 8 blok B 67-68, Wana Kerta, Kec. Sindang Jaya, Kabupaten Tangerang, Banten 15560"
"1726201828-2","https://glints.com/id/opportunities/jobs/explore?keyword=dokter&country=ID&locationName=All+Cities%2FProvinces&lowestLocationLevel=1&page=3","","https://glints.com/id/opportunities/jobs/dokter-aesthetic/e8f486e2-b718-4379-9875-3e668a2b26fe?utm_referrer=explore&traceInfo=882295de77e7519c9fe5a8880bef169e","Dokter Aesthetic","CV PELANGI UV","Penuh Waktu · Kerja di kantor","PersyaratanKerja di kantor1 - 3 tahun pengalamanMinimal Sarjana (S1)25-40 tahunPerempuan saja","SkillsInterpersonal SkillsMedical DevicesInterpersonal Communication","Jobdesk:Melaksanakan treatment & konseling kesehatan kulit pada klien di klinikMenganalisa kebutuhan konsumen dan memberikan rekomendasi tentang produk kecantikanMenyediakan program yang sesuai dengan tujuan dan kondisi klien.Melakukan perawatan kecantikan pada wajah dan/atau kulit klien.Mengedukasi klien tentang risiko yang dapat timbul akibat dari suatu tindakan medis dan cara mengatasinya.Job Qualification: 1. Profesi dokter umum / S2 ANti Aging Medicine (lebih diutamakan)2. Pengalaman di bidang Klinik Estetika minimal 2 tahun3. Memiliki Passion di kecantikan4. Memiliki STR aktif dan bersedia mengurus SIP5. Memiliki kemampuan komunikasi interpersonal yang baik6. Bersedia mengikuti training7. Bersedia bekerja di tanggal merah / weekend","Alamat kantorKompleks Pergudangan Bizpark C17-C19, Jabon, Tambaksawah, Kec. Waru, Kabupaten Sidoarjo"
"1726201830-3","https://glints.com/id/opportunities/jobs/explore?keyword=dokter&country=ID&locationName=All+Cities%2FProvinces&lowestLocationLevel=1&page=3","","https://glints.com/id/opportunities/jobs/dokter-gigi/012e1352-28df-4585-a2ad-59cef684f643?utm_referrer=explore&traceInfo=882295de77e7519c9fe5a8880bef169e","Dokter Gigi","Bia Dental Care","Penuh Waktu · Kerja di kantor","PersyaratanKerja di kantor5 - 10 tahun pengalamanMinimal Sarjana (S1)","SkillsCommunicative","Qualifications:
Bachelor's degree in DentistryPossess an active professional license (STR) and practice permit (SIP)Willing to be placed at BIA Dental CenterProficient in communicating in English, both in writing and speakingFriendly, confident, and disciplinedAble to collaborate with a teamMinimum of 5 years of professional experience as a Dentist (Skillful)Willing to be stationed at BIA Dental Center (Badung, Bali) 
Job Descriptions:
Conducting examinations and evaluating the oral health of patients.Diagnosing dental and oral problems and determining necessary treatments.Performing dental procedures such as tooth fillings, plaque removal, and treating cavities.Installing dentures and orthodontic devices.Providing advice and education to patients on maintaining dental and oral health.Prescribing medications when necessary to address dental and oral issues.Managing patient medical records accurately and in detail.Ensuring that the dental clinic adheres to established health and safety standards.Carrying out instructions given by superiors.",""
"1726201833-4","https://glints.com/id/opportunities/jobs/explore?keyword=dokter&country=ID&locationName=All+Cities%2FProvinces&lowestLocationLevel=1&page=3","","https://glints.com/id/opportunities/jobs/dokter-gigi/d4a84e7c-4958-4b7e-a7cc-a162ec6f64d5?utm_referrer=explore&traceInfo=882295de77e7519c9fe5a8880bef169e","Dokter Gigi","COSMODENT BALI","Penuh Waktu · Kerja di kantor","PersyaratanKerja di kantorMinimal Sarjana (S1)25-35 tahun","SkillsEnglish Languange","dibutuhkan dokter gigi untuk praktek full time di daerah legian balidengan gaji dan bonus tindakansuasana kerja yg positif fresh graduate are welcomediutamakan yang bisa bahasa inggris , berpenampilan menarik, bersih , rapi, jujur dan mau belajar","Alamat kantorJl. Legian No.398., Legian, Kuta, Badung"
"1726201837-5","https://glints.com/id/opportunities/jobs/explore?keyword=dokter&country=ID&locationName=All+Cities%2FProvinces&lowestLocationLevel=1&page=3","","https://glints.com/id/opportunities/jobs/dokter-umum/45807b8c-4eb5-40a1-a62d-46dd8bf17dd7?utm_referrer=explore&traceInfo=882295de77e7519c9fe5a8880bef169e","Dokter Umum","PT. Panggung Usaha Lestari","Penuh Waktu · Kerja di kantor","PersyaratanKerja di kantor1 - 3 tahun pengalamanMinimal Sarjana (S1)30-39 tahun","SkillsCommunicativeCustomer SatisfactionPublic Speaking","Posisi: Dokter Umum  Lokasi: Klinik Pratama C-Plus, Kec. Cibarusah, Kab. Bekasi
Tanggung Jawab Utama:1.⁠ ⁠Memberikan pelayanan medis umum kepada pasien yang datang ke klinik, termasuk pemeriksaan fisik, diagnosis, dan pengobatan.2.⁠ ⁠Menyusun rencana perawatan yang sesuai berdasarkan diagnosis medis, termasuk memberikan resep obat dan merekomendasikan tindakan lanjutan bila diperlukan.3.⁠ ⁠Menjaga dan memperbarui catatan medis pasien secara akurat dan teratur.5.⁠ ⁠Melakukan rujukan pasien ke spesialis atau fasilitas kesehatan lain jika diperlukan.6.⁠ ⁠Bekerjasama dengan tenaga medis lainnya seperti perawat dan apoteker untuk memastikan pelayanan kesehatan yang holistik dan berkualitas.8.⁠ ⁠Mematuhi standar etika profesi kedokteran serta regulasi yang berlaku di sektor kesehatan.
Kualifikasi:1.⁠ ⁠Lulusan S1 Kedokteran dan memiliki STR yang masih berlaku.2.⁠ ⁠Pengalaman kerja sebagai Dokter Umum di klinik atau rumah sakit minimal 1 tahun (pengalaman di klinik pratama akan menjadi nilai tambah).3.⁠ ⁠Mampu bekerja secara mandiri maupun dalam tim dengan baik.4.⁠ ⁠Memiliki kemampuan komunikasi yang baik dan mampu memberikan pelayanan yang ramah serta profesional kepada pasien.5.⁠ ⁠Bersedia bekerja sesuai dengan jadwal yang ditetapkan, termasuk kemungkinan bekerja di akhir pekan atau hari libur.","Alamat kantorJl. Jend. Urip Sumoharjo No.76, Simpangan, Kec. Cikarang Utara"
"1726201840-6","https://glints.com/id/opportunities/jobs/explore?keyword=dokter&country=ID&locationName=All+Cities%2FProvinces&lowestLocationLevel=1&page=3","","https://glints.com/id/opportunities/jobs/dokter-gigi/cf4b2460-b647-43ae-9885-b0d6e85d7286?utm_referrer=explore&traceInfo=882295de77e7519c9fe5a8880bef169e","Dokter Gigi","Klinik Gigi Sola Gracia","Paruh Waktu · Kerja di kantor","PersyaratanKerja di kantorMinimal Sarjana (S1)","SkillsDentistCommunication SkillsTeamwork","Dokter Gigi Part Time
Sharing Fee 40%Praktek hari/jam : Senin- Jumat 13.00-17.00 ; 17.00-21.00Minggu 10.00-14.00(Tidak harus bisa semua waktunya)","Alamat kantorJalan raya prancis, villa taman bandara n7 nomor 9, Kabupaten Tangerang, Banten, 14350, Indonesia"
"1726201845-7","https://glints.com/id/opportunities/jobs/explore?keyword=dokter&country=ID&locationName=All+Cities%2FProvinces&lowestLocationLevel=1&page=3","","https://glints.com/id/opportunities/jobs/dokter-umum/70d0dc2c-bb9f-4722-abb9-71e06c892462?utm_referrer=explore&traceInfo=882295de77e7519c9fe5a8880bef169e","Dokter Umum","Klinik Pelita Sehat","Penuh Waktu · Kerja di kantor","PersyaratanKerja di kantorPengalaman kurang dari 1 tahunMinimal Sarjana (S1)","SkillsTeamworkStr DefinitifDokter Umum","RequirementsPria / WanitaSehat Jasmani dan RohaniBersedia Bekerja Sama Dengan Tim Maupun IndividuBersedia Bekerja Disemua Cabang Klinik Pelita SehatMemiliki STR DefinitifDiutamakan yang bisa masuk di Hari Raya Idul Fitri","Alamat kantorJl. Raya Cibuluh No.8, RT.03/RW.9, Simpang Pomad, Kec. Bogor Utara, Kota Bogor, Jawa Barat 16157"
"1726201847-8","https://glints.com/id/opportunities/jobs/explore?keyword=dokter&country=ID&locationName=All+Cities%2FProvinces&lowestLocationLevel=1&page=3","","https://glints.com/id/opportunities/jobs/dokter-gigi/1f1664b5-2bc2-499d-821a-7890e76efe9d?utm_referrer=explore&traceInfo=882295de77e7519c9fe5a8880bef169e","Dokter Gigi","Kemilau Dental","Penuh Waktu · Kerja di kantor","PersyaratanKerja di kantor1 - 3 tahun pengalamanMinimal Diploma (D1 - D4)20-28 tahunPerempuan saja","SkillsPositive Attitude","KUALIFIKASI

• Perempuan
• Dokter Gigi Umum
• Memiliki STR Aktif & Bersedia Membuat SIP
• Berpengalaman Min. 1 Tahun • Jujur, Berkomitmen & Bertanggung jawab
• Dapat Bekerjasama Dengan Tim Aktif di Sosial Media
• Memiliki Skill Komunikasi Yang Baik, Kreatif & Punya Inisiatif
• Tertarik Dan Mau Belajar Tindakan Estetik","Alamat kantorJl. Pemuda Raya No.24 Sunyaragi, Kec. Kesambi, Kota Cirebon, Jawa Barat 45132, Indonesia"
"1726201850-9","https://glints.com/id/opportunities/jobs/explore?keyword=dokter&country=ID&locationName=All+Cities%2FProvinces&lowestLocationLevel=1&page=3","","https://glints.com/id/opportunities/jobs/dokter-gigi/4f06dc35-ed0e-4108-a18a-3dbc5dd1123a?utm_referrer=explore&traceInfo=882295de77e7519c9fe5a8880bef169e","Dokter Gigi","Klinik Abyan Cahaya Pratama","Penuh Waktu · Kerja di kantor","PersyaratanKerja di kantor1 - 3 tahun pengalamanMinimal Sarjana (S1)","SkillsDentistTeamworkMicrosoft Office","1. Wanita / Pria2. Memiliki pengalaman min. 1 tahun3. Memiliki STR aktif4. Wajib membuat SIP Klinik5. Mampu bekerja sama dengan Tim6. Berdomisili Cileungsi, Bekasi, dan sekitarnya","Alamat kantorLimus Pratama Regency, Limus Nunggal, Cileungsi, Bogor Regency, West Java 16820"
"1726201854-10","https://glints.com/id/opportunities/jobs/explore?keyword=dokter&country=ID&locationName=All+Cities%2FProvinces&lowestLocationLevel=1&page=3","","https://glints.com/id/opportunities/jobs/dokter-gigi/b24d7e45-c698-4c02-b88e-3e4392caa75f?utm_referrer=explore&traceInfo=882295de77e7519c9fe5a8880bef169e","Dokter Gigi","NATURA DENTAL CENTER","Harian · Kerja di kantor","PersyaratanKerja di kantor1 - 3 tahun pengalamanMinimal Sarjana (S1)","SkillsTeamworkDentistTime Management","[LOWONGAN KERJA: DOKTER GIGI]
Deskripsi Kerja:- Perawatan kesehatan dan kecantikan gigi yang memuat beberapa perawatan di bawah ini1. Pemeriksaan lengkap (dental medical check-up)2. Prosthodonti3. Konservasi4. Orthodonti5. Periodonti6. Bedah mulut7. PedodontiDicari lowongan pekerjaan untuk DOKTER GIGI yang akan ditempatkan di Klinik cabang, Kudus, Jawa Tengah
Spesifikasi:- Percaya diri- Memiliki pengalaman min 1 tahun lebih disukai- Memiliki minat dan pengalaman dalam perawatan orthodonti- Memiliki STR aktif- Memiliki KTA PDGI
Kualifikasi:- Memiliki passion untuk menolong dan senang melayani- Disiplin, persuasif, komunikatif, dan cekatan- Siap bekerja dengan KPI (key performance indicator) tertentu- Memiliki kemampuan untuk membangun hubungan baik dengan pasien- Memiliki kemampuan pemecahan masalah (termasuk handling complain) dengan baik- Dapat bekerjasama dalam tim
Berkas Lamaran:- Curriculum Vitae- KTP- Ijazah- STR Dokter Gigi- Portofolio Kasus yang pernah ditangani","Alamat kantorJln Margonda Raya No 535A, pondok cina , Depok"
"1726201862-11","https://glints.com/id/opportunities/jobs/explore?keyword=dokter&country=ID&locationName=All+Cities%2FProvinces&lowestLocationLevel=1&page=3","","https://glints.com/id/opportunities/jobs/dokter-umum/62ac2e44-2db4-4b7d-8ecd-784d4cf46d96?utm_referrer=explore&traceInfo=882295de77e7519c9fe5a8880bef169e","DOKTER UMUM","RS EMC Cibitung","Penuh Waktu · Kerja di kantor","PersyaratanKerja di kantor1 - 3 tahun pengalamanMinimal Sarjana (S1)","SkillsTeamworkdokter umumDiscipline","Dengan kualifikasi berikut :﻿﻿﻿Pendidikan S1 Profesi Dokter﻿﻿﻿Memiliki STR Aktif﻿﻿﻿Memiliki pengalaman min 1 tahun di bidang yang sama﻿﻿﻿Memiliki sertifikat ACLS, ATLS, HIPERKES (lebih diutamakan)﻿﻿﻿Jujur, disiplin dan berorientasi pada pelayanan","Alamat kantorJl. Kalimantan Blok CB-1, Commercial Area MM2100 Industrial Town, Kabupaten Bekasi, Jawa Barat 17530"
"1726201866-12","https://glints.com/id/opportunities/jobs/explore?keyword=dokter&country=ID&locationName=All+Cities%2FProvinces&lowestLocationLevel=1&page=3","","https://glints.com/id/opportunities/jobs/dokter-gigi/ebee8663-d475-472e-b908-9394a6a516a8?utm_referrer=explore&traceInfo=882295de77e7519c9fe5a8880bef169e","Dokter Gigi","Yayasan Mangkubumi Medika","Kontrak · Kerja di kantor","PersyaratanKerja di kantor1 - 3 tahun pengalamanMinimal Sarjana (S1)","SkillsData AnalyticsCommunicativeCritical Thinking","1. Memberikan pelayanan sesuai dengan profesi dan standar prosedur operasional serta kebutuhan medis pasien.2. Mendiagnosis dan mengobati luka, penyakit, dan kelainan gigi pasien.3. Memberi kesan dan menyampaikan keterangan atau pendapat kepada pasien yang dapat dipertanggungjawabkan.4. Mencegah terjadinya infeksi silang yang membahayakan pasien, tenaga medis, dan masyarakat.5. Merujuk pasien ke dokter gigi spesialis, apabila tidak mampu melakukan suatu pengobatan atau pemeriksaan dengan kasus khusus.6. Menyimpan, menjaga dan merahasiakan data rekam medis pasien.7. Melindungi pasien dari kerugian.8. Mengutamakan kepentingan pasien dan memperlakukan pasien secara adil.9. Menjalin kerjasama yang baik dengan tenaga kesehatan lainnya.10. Meningkatkan derajat kesehatan masyarakat dengan menjadi motivator, pendidik, dan pemberi pelayanan kesehatan (promotif, preventif, kuratif dan rehabilitatif).","Alamat kantorJl. Rumah Sakit No.56-58, Kahuripan, Kec. Tawang, Kab. Tasikmalaya, Jawa Barat 46113"
"1726201870-13","https://glints.com/id/opportunities/jobs/explore?keyword=dokter&country=ID&locationName=All+Cities%2FProvinces&lowestLocationLevel=1&page=3","","https://glints.com/id/opportunities/jobs/dokter-hewan/bed493b3-cfa2-445f-bfb8-f8fb9e7e326c?utm_referrer=explore&traceInfo=882295de77e7519c9fe5a8880bef169e","Dokter Hewan","CV. Johnson Farm","Penuh Waktu · Kerja di kantor","PersyaratanKerja di kantorPengalaman kurang dari 1 tahunMinimal Sarjana (S1)25-30 tahun","SkillsInitiative","Are you a veterinarian looking for a new job?Do you have a dream job with animals?
Perusahaan kami sedang membuka lowongan menjadi Dokter Hewan
RequirementsPendidikan profesi dokter hewan (fresh graduate/stase akhir koas dipersilahkan mendaftar)Memiliki passion di bidang kesehatan unggasMemiliki kemampuan dalam melakukan diagnosis penyakit unggas secara klinis dan laboratorisMemiliki kemampuan analisa kuat, jujur dan cekatan
Job DescriptionMelakukan tugas dan fungsi dokter hewan peternakan ayam petelur⁠Melakukan diagnosis penyakit, nekropsi, dan pengambilan sampel, serta merencanakan penanganan/pengobatan unggas populatif⁠Melakukan uji laboratorium serologis (HA/HI) dan ELISA serta melakukan analisa hasil pemeriksaan labMelakukan/menganalisa pengujian-pengujian laboratorium lainnya sesuai dengan kebutuhanMenjalankan dan mengelola sistem kesehatan hewan di wilayah Johnson Farm","Alamat kantorDs. Patrolsari RW 07, Kec. Arjasari, Kab. Bandung, Jawa Barat"
"1726201880-14","https://glints.com/id/opportunities/jobs/explore?keyword=dokter&country=ID&locationName=All+Cities%2FProvinces&lowestLocationLevel=1&page=3","","https://glints.com/id/opportunities/jobs/dokter-estetika/331cfbdc-6d93-4ecc-9755-2f5f1f0f6467?utm_referrer=explore&traceInfo=882295de77e7519c9fe5a8880bef169e","Dokter Estetika","Klinik Kecantikan Puspita Sidoarjo","Kontrak · Kerja di kantor","PersyaratanKerja di kantor1 - 3 tahun pengalamanMinimal Sarjana (S1)","SkillsCommunicativeInovatifLeadership DevelopmentMarketing Management","Deskripsi pekerjaan dokter estetika :Menyambut pasien dan calon pasien dengan ramah dan komunikatifMampu menganalisis permasalahan kulit pasienMampu menyampaikan prosedur treatment dan peresepanMemiliki kemampuan leadership dan inovatifBerkomitmen dan bertanggung jawabMemiliki motivasi untuk memajukan klinikBerdomisili di Sidoarjo dan sekitarnya.","Alamat kantorJl. Pondok Jati Blok BF, No 4, Pondok Jati, Desa Pagerwojo, Kec. Buduran, Kab.Sidoarjo"
"1726201893-15","https://glints.com/id/opportunities/jobs/explore?keyword=dokter&country=ID&locationName=All+Cities%2FProvinces&lowestLocationLevel=1&page=3","","https://glints.com/id/opportunities/jobs/dokter-umum/7f3d8fe9-e7d1-40f1-b6b2-595658ff95f6?utm_referrer=explore&traceInfo=882295de77e7519c9fe5a8880bef169e","Dokter Umum","PT Medisata Global Solusi","Penuh Waktu · Kerja di kantor","PersyaratanKerja di kantor1 - 3 tahun pengalamanMinimal Sarjana (S1)25-32 tahunPerempuan saja","SkillsMicrosoft Office","Mempelajari  keluhan pasien/keluarga pasien dan memberikan rujukan dokter  spesialis/tindakan/perawatan yang sesuai dengan keluhan medis pasien
PersyaratanMinimal S1 KedokteranMampu melakukan diagnosaMemiliki STR yang aktifBersedia kerja full timeJujur, bekerja keras, dan disiplinPenempatan di Kedoya, Jakarta Barat
Profil Medisata:MediSata Indonesia (Medisata.com dan BerobatKePenang.com) adalah perusahaan yang bergerak di bidang medical tourism yang berlokasi di Kedoya, Jakarta Barat.
Kami membantu pasien yang membutuhkan rujukan rumah sakit / dokter untuk second opinion di Malaysia dan Singapura.","Alamat kantorSuite 20, Concrete 11th Coworking Space Kedoya"
"1726201896-16","https://glints.com/id/opportunities/jobs/explore?keyword=dokter&country=ID&locationName=All+Cities%2FProvinces&lowestLocationLevel=1&page=3","","https://glints.com/id/opportunities/jobs/dokter-umum/609375ba-8a13-40b0-966c-8a90e332c549?utm_referrer=explore&traceInfo=882295de77e7519c9fe5a8880bef169e","Dokter Umum","Heartology Cardiovascular Hospital","Penuh Waktu · Kerja di kantor","PersyaratanKerja di kantor3 - 5 tahun pengalamanMinimal Sarjana (S1)","SkillsBantuan Hidup DasarCritical CareAdvance Trauma Life Support EmergencyAdvanced Cardiovascular Life Support (ACLS)","Pendidikan Profesi DokterACLS ATLS AktifPernah menangani Pasien JantungBerminat terhadap ilmu jantungBersedia shiftingFull TimerSTR AktifPernah bertugas di ruang ICU, Rawat Inap, Emergency","Alamat kantorJl. Birah III No.4, Kebayoran Baru, Jakarta Selatan"
"1726201905-17","https://glints.com/id/opportunities/jobs/explore?keyword=dokter&country=ID&locationName=All+Cities%2FProvinces&lowestLocationLevel=1&page=3","","https://glints.com/id/opportunities/jobs/dokter-hewan/3df55926-d725-4ea6-b038-10a1d322d62b?utm_referrer=explore&traceInfo=882295de77e7519c9fe5a8880bef169e","Dokter Hewan","Momi Pet Care","Penuh Waktu · Kerja di kantor","PersyaratanKerja di kantor1 - 3 tahun pengalamanMinimal Diploma (D1 - D4)","SkillsCustomer ServiceCustomer SatisfactionCommunication Skills","Kualifikasi- Dokter hewan berpengalaman / fresh graduate- Minat tinggi dalam belajar dan upgrade ilmu- Mampu berkomunikasi dan networking dgn baik- Jujur, disiplin dan bertanggung jawab- Anggota PDHI dan memiliki STRV- Penempatan area: Jakarta Timur
Benefit- Gaji, Bonus, THR, Subsidi tempat tinggal
Persyaratan- Surat lamaran & CV- Photocopy KTP- Ijazah S1 & DRH, Transkrip nilai SKH & DAH KTA & STRV- Pas photo berwarna 3x4","Alamat kantorJln. Dr KRT Radjiman WD, A, 20, RT.13/RW.8, Jatinegara, Kec. Cakung, Kota Jakarta Timur, Daerah Khusus Ibukota Jakarta 13930"
"1726201909-18","https://glints.com/id/opportunities/jobs/explore?keyword=dokter&country=ID&locationName=All+Cities%2FProvinces&lowestLocationLevel=1&page=3","","https://glints.com/id/opportunities/jobs/dokter-estetik/ca347072-3b7d-4426-b867-e1a17172c325?utm_referrer=explore&traceInfo=882295de77e7519c9fe5a8880bef169e","Dokter Estetik","Klinik Kecantikan Athena (Athena Group)","Penuh Waktu · Kerja di kantor","PersyaratanKerja di kantorMinimal Sarjana (S1)Perempuan saja","SkillsKeterampilan ProfesionalKeterampilan Manajerial Dan AdministratifStrong Communication Skills","Sebagai Dokter Estetik di [Nama Klinik/Praktik], Anda akan bertanggung jawab untuk memberikan layanan medis estetik berkualitas tinggi kepada pasien, dengan fokus pada meningkatkan penampilan dan kesejahteraan mereka melalui berbagai prosedur estetika. Anda akan bekerja dengan tim profesional medis untuk merancang dan melaksanakan rencana perawatan yang personal dan efektif.
Tanggung Jawab Utama:
Konsultasi Pasien:
Melakukan evaluasi dan konsultasi menyeluruh untuk menentukan kebutuhan dan tujuan estetika pasien.Menyediakan penjelasan yang jelas tentang prosedur, manfaat, risiko, dan hasil yang diharapkan.Penerapan Prosedur Estetik:Melaksanakan berbagai prosedur estetik, seperti injeksi botox, filler, perawatan laser, perawatan kulit, dan lainnya sesuai dengan standar medis dan keamanan.Memastikan kualitas dan hasil prosedur yang optimal dengan memantau dan menilai kemajuan pasien.Perencanaan dan Evaluasi Perawatan:Mengembangkan rencana perawatan yang dipersonalisasi berdasarkan kebutuhan individu pasien.Mengawasi dan mengevaluasi hasil perawatan secara berkala dan menyesuaikan rencana jika diperlukan.Manajemen dan Administrasi:Menjaga catatan medis yang akurat dan terperinci untuk setiap pasien.Mengelola jadwal dan koordinasi dengan staf administrasi untuk memastikan kelancaran operasi klinik.Pendidikan dan Informasi:Memberikan edukasi kepada pasien tentang perawatan kulit, perawatan pasca-prosedur, dan pemeliharaan estetika yang berkelanjutan.Mengupdate pengetahuan mengenai tren terbaru dalam bidang estetika dan teknologi medis.Kepatuhan dan Keamanan:Memastikan bahwa semua prosedur dilakukan sesuai dengan protokol medis dan peraturan yang berlaku.Mengikuti standar kebersihan dan keselamatan yang ketat untuk melindungi pasien dan staf.
Kualifikasi:Gelar Dokter (Spesialis Kulit, Spesialis Bedah Plastik, atau bidang terkait).Lisensi medis yang valid dan aktif.Pengalaman kerja di bidang estetika adalah nilai tambah.Pengetahuan mendalam tentang berbagai prosedur estetika dan teknologi terbaru.Keterampilan komunikasi yang baik dan kemampuan untuk berinteraksi dengan pasien secara empatik.Kemampuan untuk bekerja secara mandiri maupun dalam tim.","Alamat kantorJl. Jenderal Sudirman No. 3261 RT 026 RW 009 Kel. 20 Ilir D III, Kec. Ilir Timur I Kota Palembang Kodepos 30128"
"1726201912-19","https://glints.com/id/opportunities/jobs/explore?keyword=dokter&country=ID&locationName=All+Cities%2FProvinces&lowestLocationLevel=1&page=3","","https://glints.com/id/opportunities/jobs/dokter-aesthetic/4b4d395a-3043-4d45-82ef-c481b3dda5a0?utm_referrer=explore&traceInfo=882295de77e7519c9fe5a8880bef169e","Dokter aesthetic","Madeena Skin Clinic Yogyakarta","Penuh Waktu · Kerja di kantor","PersyaratanKerja di kantor1 - 3 tahun pengalamanMinimal Sarjana (S1)","SkillsCommunicativeHealthcareCompetitive Analysis","Maks. 40thPendidikan Profesi, IPK min 3.00 Memiliki STR yang masih aktif Berpenampilan menarik, ramah, dan berorientasipada pelangganBelum berpengalaman dibidang aestethic silahkanmelamar","Alamat kantorMBI Tower, Jl. Duren Sawit Raya (dermaga) No.15 Blok K3, Klender, Kec. Duren Sawit, Kota Jakarta Timur, Daerah Khusus Ibukota Jakarta"
"1726201917-20","https://glints.com/id/opportunities/jobs/explore?keyword=dokter&country=ID&locationName=All+Cities%2FProvinces&lowestLocationLevel=1&page=3","","https://glints.com/id/opportunities/jobs/dokter-aesthetic/38375200-4744-4ac3-90db-4e647351baa2?utm_referrer=explore&traceInfo=882295de77e7519c9fe5a8880bef169e","Dokter Aesthetic","skincaredoc.id","Penuh Waktu · Kerja di kantor","PersyaratanKerja di kantor1 - 3 tahun pengalamanMinimal Sarjana (S1)25-30 tahun","SkillsTime ManagementTeamworkMarketing Communications","CNA SKIN CLINICklinik kecantikan kolaborasi milik artis citra kirana dengan Dr.dr Darma SpD.V.E, Subsp.OBK, FINSDV, FAADV - associated professor FK UNUD saat ini membutuhkan lowongan dokter, khusus bagi kamu yang memiliki kriteria di bawah ini
Kualifikasi:Profesi Dokter umum / estetikDiutamakan yang memiliki pengalaman minimal 1 tahun sebagai dokter estetikaBagi yang belum pengalaman tetap bisa diterima, akan mendapatkan training estetik oleh dokter berpengalamanMempunyai STR aktifBerkepribadian ramah, mempunyai kemampuan sales/marketing,  memiliki kemampuan interpersonal dan komunikasi yang baikDapat memimpin dan membina kerjasama tim yang baikMemiliki komitmen dan bertanggung jawab terhadap pasien dan perusahaan.Tugas dan tanggung jawab:Melayani konsultasi pasien serta merekomendasikan perawatan sesuai kebutuhan pasienMenguasai dan mengerjakan tindakan estetika medis basic-advance sesuai SOP kedokteran dan klinik yang berlakuBertanggung jawab terhadap klien dan klinikMelakukan supervisi terhadap beauticianKerjasama dengan divisi terkait untuk memajukan perusahaanMengikuti seluruh peraturan dan SOP klinikMemberikan pelayanan terbaik kepada pasien
Loc: Bekasi","Alamat kantorJl. Taman Galaxy Raya No.10, RT.002/RW.014, Jaka Setia, Kec. Bekasi Sel., Kota Bks, Jawa Barat 17147"
"1726201921-21","https://glints.com/id/opportunities/jobs/explore?keyword=dokter&country=ID&locationName=All+Cities%2FProvinces&lowestLocationLevel=1&page=3","","https://glints.com/id/opportunities/jobs/dokter-gigi/df19382a-c13d-44e2-a0d7-ba4c1569f891?utm_referrer=explore&traceInfo=882295de77e7519c9fe5a8880bef169e","Dokter Gigi","Pondok Gigi","Paruh Waktu · Kerja di kantor","PersyaratanKerja di kantor3 - 5 tahun pengalamanMinimal Sarjana (S1)23-30 tahun","SkillsCommunication SkillsAttention to DetailDentist","Keahlian :– Menguasai segala hal terkait profesi dokter gigi.– Proaktif, berwawasan luas dan mampu memberikan penjelasan kepada pasien dengan ekselen
Kualifikasi :– Pria/Wanita, maks. 30 tahun– Lulusan Profesi Kedokteran Gigi dengan IPK minimum 3.01– Mempunyai STR (Surat Tanda Registrasi) yang masih berlaku– Pengalaman minimal 2 tahun sebagai dokter gigi– Bersedia mengikuti ketentuan dan SOP perusahaan– Memiliki jiwa sosial, fun, orientasi kepada pasien, dan integritas yang tinggi– Berorientasi pada kualitas dan hasil perawatan terbaik– Bersedia membuat SIP
Waktu Bekerja :Sesuai jam praktek yang telah disepakati","Alamat kantorJl. P. Antasari No. 20B Cipete Selatan, Cilandak, Jakarta Selatan"
"1726201928-22","https://glints.com/id/opportunities/jobs/explore?keyword=dokter&country=ID&locationName=All+Cities%2FProvinces&lowestLocationLevel=1&page=3","","https://glints.com/id/opportunities/jobs/dokter-gigi/9037d959-d45f-4344-8150-8ba11a4446d6?utm_referrer=explore&traceInfo=882295de77e7519c9fe5a8880bef169e","Dokter Gigi","Klinik Gigi Odac Family","Penuh Waktu · Kerja di kantor","PersyaratanKerja di kantor1 - 3 tahun pengalamanMinimal Sarjana (S1)","SkillsRamahMemiliki StrDentist","- Lulusan profesi kedokteran gigi- Bersedia mengurus SIP- Mempunyai STR- Bersedia mengikuti ketentuan manajemen klinik- Berpengalaman sebagai dokter gigi- Ramah terhadap pasien","Alamat kantorJl. Raden Saleh No.31A, RT.001/RW.014, Karang Tengah, Kec. Karang Tengah, Kota Tangerang, Banten 15157"
"1726201932-23","https://glints.com/id/opportunities/jobs/explore?keyword=dokter&country=ID&locationName=All+Cities%2FProvinces&lowestLocationLevel=1&page=3","","https://glints.com/id/opportunities/jobs/dokter-umum/7ed5e2f5-e422-41a6-b4ae-08bbcd9775eb?utm_referrer=explore&traceInfo=882295de77e7519c9fe5a8880bef169e","Dokter Umum","Klinik Utama Sumenep","Penuh Waktu · Kerja di kantor","PersyaratanKerja di kantorPengalaman kurang dari 1 tahunMinimal Sarjana (S1)30-35 tahunLaki-laki saja","SkillsCommunication SkillsCross-functional Team LeadershipTeamworkHealthcare","Dokter Umum (Kepala Bidang Pelayanan Medis)
Kriteria :Memiliki ACLS/ATLSFresh Graduate / berpengalaman kerja (Klinik / Rumah Sakit)Tertarik dengan Bidang OpthalmologiDiutamakan keanggotaan IDI setempatFasih berbahasa Inggris, diutamakan memiliki sertifikat TOEFL
Deskripsi :Berkoordinasi dengan tim dalam memberikan pelayanan kepada pasienMenjalankan promkes baik ke pihak internal dan eksternalMenyusun program kerja, serta memastikan pelaksanaan setiap program kerja, disertai monitoring dan evaluasi
Berkas Lampiran Resume:Surat Lamaran KerjaCurriculum VitaeSTRKTPIjazah TerakhirSurat keterangan sehat 1 bulan terakhir","Alamat kantorJl. Slamet Riyadi No.9, Mastasek, Pabian, Kec. Kota Sumenep, Kabupaten Sumenep, Jawa Timur 69417"
"1726201935-24","https://glints.com/id/opportunities/jobs/explore?keyword=dokter&country=ID&locationName=All+Cities%2FProvinces&lowestLocationLevel=1&page=3","","https://glints.com/id/opportunities/jobs/dokter-umum/a0af31f8-429d-41e8-beff-5c5a7a0bf445?utm_referrer=explore&traceInfo=882295de77e7519c9fe5a8880bef169e","Dokter Umum","PT. Medika Nusantara Gumilang","Penuh Waktu · Kerja di kantor","PersyaratanKerja di kantorPengalaman kurang dari 1 tahunMinimal Sarjana (S1)","SkillsOperations Management","KualifikasiPendidikan min. Profesi DokterMemiliki STR yang aktifPengalaman kerja 1 tahun, fresh graduate dipersilakan melamarMemiliki jiwa kepemimpinan yang kuat, cepat tanggap dan keterampilan komunikasi yang baikMampu bekerjasama dengan tim","Alamat kantorTreasury Tower Lt.7 Unit F District 8 SCBD Lot 28 Jenderal Sudirman Kav 52-53, Kel. Senayan, Kec. Kebayoran Baru, Kota Adm. Jakarta Selatan, Prop. DKI Jakarta"
"1726201939-25","https://glints.com/id/opportunities/jobs/explore?keyword=dokter&country=ID&locationName=All+Cities%2FProvinces&lowestLocationLevel=1&page=3","","https://glints.com/id/opportunities/jobs/dokter-gigi/f331d0a1-1c8e-4f62-aa85-4b0b7078500e?utm_referrer=explore&traceInfo=882295de77e7519c9fe5a8880bef169e","Dokter Gigi","In Dental Care","Paruh Waktu · Hybrid","PersyaratanHybridMinimal Sarjana (S1)","SkillsDentist","Pria / wanitaMemiliki STR aktifJujur dan bertanggung jawabDiutamakan domisili daerah klinikBersedia mengurus SIPFresh graduate are welcome","Alamat kantorJl. H. Muchtar Raya No.9D, RT.1/RW.06, Petukangan Utara, JAKARTA, Kota Jakarta Selatan, Daerah Khusus Ibukota Jakarta 12260"
"1726201944-26","https://glints.com/id/opportunities/jobs/explore?keyword=dokter&country=ID&locationName=All+Cities%2FProvinces&lowestLocationLevel=1&page=3","","https://glints.com/id/opportunities/jobs/dokter-gigi/73ea258a-6323-47c6-a6fa-572f0c779914?utm_referrer=explore&traceInfo=882295de77e7519c9fe5a8880bef169e","Dokter Gigi","PT Medika Kesehatan Kerja","Kontrak · Kerja di kantor","PersyaratanKerja di kantorPengalaman kurang dari 1 tahunMinimal Sarjana (S1)25-38 tahun","SkillsCommunicativeObatPerawatan Gigi","1. Melakukan perawatan gigi pasien2. Melakukan Tindakan pada masalah masalah gigi pasien3. Bekomunikasi dengan pasien","Alamat kantorKlinik Medika Occupational Health Center (MOHC, Jl. Batu Ampar 3 No.55, RT.11/RW.2, Batu Ampar, Kec. Kramat jati, Kota Jakarta Timur, Daerah Khusus Ibukota Jakarta 13520"
"1726201957-27","https://glints.com/id/opportunities/jobs/explore?keyword=dokter&country=ID&locationName=All+Cities%2FProvinces&lowestLocationLevel=1&page=3","","https://glints.com/id/opportunities/jobs/dokter-umum/00c96a41-f734-4feb-a64b-1dc6d75170f9?utm_referrer=explore&traceInfo=882295de77e7519c9fe5a8880bef169e","Dokter Umum","Rumah Sakit Harapan Mulia","Penuh Waktu · Kerja di kantor","PersyaratanKerja di kantor1 - 3 tahun pengalamanMinimal Sarjana (S1)25-38 tahun","SkillsHealthcareCommunication SkillsKedokteranTeliti","DOKTER UMUM PART TIMEKualifikasi :

• Pria / Wanita

• Berlatar belakang pendidikan Dokter UMUM

• Dapat bekerja shift

• Mampu bekerjasama dengan team

• Memiliki pengalaman bekerja di RS

• Memiliki STR aktif dan bersedia membuat SIP

• Terdaftar resmi sebagai dokter umum

• Memiliki kemampuan komunikasi yang baik

• Mampu mengoperasikan komputer

• Memiliki Sertifikat ACLS yang aktif","Alamat kantorJl. Raya Cibarusah No.5, Cibarusahjaya, Kec. Cibarusah, Kabupaten Bekasi, Jawa Barat 17340"
"1726201964-28","https://glints.com/id/opportunities/jobs/explore?keyword=dokter&country=ID&locationName=All+Cities%2FProvinces&lowestLocationLevel=1&page=3","","https://glints.com/id/opportunities/jobs/dokter-gigi/deed4652-8de7-4be4-9fd1-6a5a9f8346c3?utm_referrer=explore&traceInfo=882295de77e7519c9fe5a8880bef169e","Dokter Gigi","Andini Dental","Penuh Waktu · Kerja di kantor","PersyaratanKerja di kantorPengalaman kurang dari 1 tahunMinimal Sarjana (S1)18-40 tahun","SkillsDentistContent WritingContent Creation","Syarat:- Dokter Gigi Umum atau Spesialis- Khusus Dokter Gigi Umum untuk shift hari Minggu jam 11:00 - 17:00 WIB- Memiliki STR aktif- Ramah dan sabar menghadapi pasien dan pengunjung- Dapat bekerja sendiri maupun dengan tim- Disiplin, jujur, komunikatif, mau belajar dan teliti- Domisili Jogja
Berlokasi di Jl. Griya Taman Asri, Pandowoharjo, Sleman, Yogyakarta. Tempat praktek akan dilengkapi dengan fasilitas nyaman, desain modern dan kekinian, serta peralatan yang up-to-date.Lowongan masih tersedia selama iklan masih tayang.","Alamat kantorRuko Griya Taman Asri R103, Pandowoharjo, Sleman, Yogyakarta."
"1726201974-29","https://glints.com/id/opportunities/jobs/explore?keyword=dokter&country=ID&locationName=All+Cities%2FProvinces&lowestLocationLevel=1&page=3","","https://glints.com/id/opportunities/jobs/dokter-gigi/b0f34d91-d76b-407e-8440-578a3f23dcef?utm_referrer=explore&traceInfo=882295de77e7519c9fe5a8880bef169e","Dokter Gigi","Klinik Gigi Dentes Bali","Penuh Waktu · Kerja di kantor","PersyaratanKerja di kantor1 - 3 tahun pengalamanMinimal SMA/SMK","SkillsDentist","DOKTER GIGI﻿﻿Dokter spesialis KG/BM/KGA﻿﻿Pria/Wanita﻿﻿Mempunyai STR aktif﻿﻿Bersedia membuat SIP﻿﻿Lebih disukai berpengalaman di kedokteran gigi minimal 1 tahun﻿﻿Memiliki portfolio (bisa dalam bentuk content foto/video)﻿﻿Bersedia kontrak 2 tahun﻿﻿Bersedia mengikuti trainingBENEFIT﻿﻿Dental course & training﻿﻿Support fasilitas nyaman","Alamat kantorJl. Imam Bonjol No.338A, Pemecutan Klod, Kec. Denpasar Bar., Bali, 80113"
"1726201994-30","https://glints.com/id/opportunities/jobs/explore?keyword=dokter&country=ID&locationName=All+Cities%2FProvinces&lowestLocationLevel=1&page=3","","https://glints.com/id/opportunities/jobs/dokter-kulit/bf55b39f-91bd-42f9-8aca-125dbc5fb600?utm_referrer=explore&traceInfo=882295de77e7519c9fe5a8880bef169e","Dokter Kulit","LASER ME BEAUTY & BODY STUDIO BALI","Penuh Waktu · Kerja di kantor","PersyaratanKerja di kantor1 - 3 tahun pengalamanMinimal Sarjana (S1)Perempuan saja","SkillsInitiativeSales StrategyTeamwork","Kami membuka Lowongan kerja untuk Dokter Aesthetic yg sudah berpengalaman dan tidak berpengalaman, STR aktif penempatan di bali Canggu, Uluwatu dan Ubud","Alamat kantorJl. Pantai Berawa No.41, Tibubeneng, Kec. Kuta Utara, Kabupaten Badung, Bali 80361"
"1726202806-31","https://glints.com/id/opportunities/jobs/explore?keyword=dokter&country=ID&locationName=All+Cities%2FProvinces&lowestLocationLevel=1&page=2","","https://glints.com/id/opportunities/jobs/dokter-kulit/823d76b5-5af5-49e0-aa60-c65833638cd8?utm_referrer=explore&traceInfo=588084f708368bbdcbdf1a6941c539db","Dokter Kulit","LASER ME BEAUTY & BODY STUDIO BALI","Penuh Waktu · Kerja di kantor","PersyaratanKerja di kantor1 - 3 tahun pengalamanMinimal Sarjana (S1)Perempuan saja","SkillsInitiativeTeamworkSales Strategy","Dokter kecantikan","Alamat kantorJl. Pantai Berawa No.41, Tibubeneng, Kec. Kuta Utara, Kabupaten Badung, Bali 80361"
"1726202811-32","https://glints.com/id/opportunities/jobs/explore?keyword=dokter&country=ID&locationName=All+Cities%2FProvinces&lowestLocationLevel=1&page=2","","https://glints.com/id/opportunities/jobs/dokter-hewan/b7a3982b-c94a-4a9e-88a1-f0e61eb4c737?utm_referrer=explore&traceInfo=588084f708368bbdcbdf1a6941c539db","Dokter Hewan","PT DARMA INTER PHARM","Penuh Waktu · Kerja di kantor","PersyaratanKerja di kantorPengalaman kurang dari 1 tahunMinimal Sarjana (S1)Perempuan saja","SkillsMedical DevicesCommunicativeTeamwork","Persyaratan Admin / Front OfficeKirim CV dan Ijazah/nilai terakhir (dilegalisir).Lampirkan: foto muka jelas, foto full bodyPenempatan: Tangerang Selatan
Job DescriptionsMelakukan pemeriksaan kesehatan rutin pada hewan.Mendiagnosis penyakit hewan berdasarkan gejala dan hasil pemeriksaan.Memberikan pengobatan dan perawatan medis yang sesuai.Melakukan tindakan bedah kecil jika diperlukan.Memberikan konsultasi kesehatan kepada pemilik hewan.Menjaga kebersihan dan sanitasi klinik.","Alamat kantorPT DARMA INTER PHARM, Komplek Ruko MM, Junction Blok V21 no.8A, Melati Mas Residence VISTA, Jelupang, Kec. Serpong Utara, Kota Tangerang Selatan, Banten, 15323 Indonesia"
"1726202813-33","https://glints.com/id/opportunities/jobs/explore?keyword=dokter&country=ID&locationName=All+Cities%2FProvinces&lowestLocationLevel=1&page=2","","https://glints.com/id/opportunities/jobs/dokter-estetika/f379a6f4-8801-4707-a2f6-aac8a3c18631?utm_referrer=explore&traceInfo=588084f708368bbdcbdf1a6941c539db","Dokter Estetika","PT Centrepoint (De-hair Laser & Aesthetics)","Penuh Waktu · Kerja di kantor","PersyaratanKerja di kantor1 - 3 tahun pengalamanMinimal Sarjana (S1)25-35 tahunPerempuan saja","SkillsEnglish LanguangeMicrosoft OfficeFacial","Dibutuhkan Aesthetic Doctor dengan kualifikasi:- pengalaman min 1 tahun di bidang Estetika_ Memiliki sertifikat Estetika dari PERDAWERI/PERDOSKi- Fasih bahasa inggris- STR aktif- diutamakan wanita

- incentive tindakan- salary ke 14 apabila target tahunan tercapai- Lokasi  Jakarta Selatan","Alamat kantor
Jl. Kemang Raya No.34C, RT. 11 RW. 05
Kel. Bangka, Kec. Mampang Prapatan
Cipete Utara, Jakarta Selatan
Indonesia , 12730"
"1726202818-34","https://glints.com/id/opportunities/jobs/explore?keyword=dokter&country=ID&locationName=All+Cities%2FProvinces&lowestLocationLevel=1&page=2","","https://glints.com/id/opportunities/jobs/dokter-estetika/7e09581f-9a1e-4708-936f-4cbfa1adc228?utm_referrer=explore&traceInfo=588084f708368bbdcbdf1a6941c539db","Dokter Estetika","PT Mitra Dwi Perkasa","Penuh Waktu · Kerja di kantor","PersyaratanKerja di kantor1 - 3 tahun pengalamanMinimal Sarjana (S1)26-40 tahun","SkillsCommunication SkillsMicrosoft OfficeTeamworkAnalytical Skills","Tugas dan Tanggung Jawab:Memberikan konsultasi perawatan kulit dan kecantikanMelakukan supervisi terhadap beautician dan perawatMelakukan tindakan medis estetik sesuai SOP perusahaanMemberikan resep obat atau produk perawatan kecantikan
Kualifikasi:WAJIB berpengalaman minimal 2 tahun di klinik kecantikanPendidikan minimal S1 Profesi DokterMemiliki STR yang masih aktif Wajib memiliki sertifikat pelatihan estetik dasar berSKP IDIBerpenampilan profesional dan komunikatifBersedia ditempatkan di BOGOR, PALEMBANG, PIK, BEKASIDapat bergabung secepatnya
Benefit:Gaji PokokBPJS Tenaga Kerja BPJS KesehatanTHRFee TindakanCuti","Alamat kantorClick House Melawai Jl. Melawai Raya No.27, Kebayoran Baru"
"1726202820-35","https://glints.com/id/opportunities/jobs/explore?keyword=dokter&country=ID&locationName=All+Cities%2FProvinces&lowestLocationLevel=1&page=2","","https://glints.com/id/opportunities/jobs/dokter-umum/fc5585e6-f6bb-4a90-a367-6aaf41fd504b?utm_referrer=explore&traceInfo=588084f708368bbdcbdf1a6941c539db","Dokter Umum","Syaraskin","Paruh Waktu · Kerja di kantor","PersyaratanKerja di kantorMinimal Sarjana (S1)20-35 tahun","SkillsPublic SpeakingTeamworkCustomer Service","1. Wanita berusia maksimal 35 tahun2. Lulusan S1 profesi kedokteran3. Memiliki Str aktif4. (Fresgraduate are welcome)5. Bersedia membuat sip6. Bersedia ditempatkan di Cibaduyut","Alamat kantortaman cibaduyut indah blok L NO 80, Bandung 40238"
"1726202824-36","https://glints.com/id/opportunities/jobs/explore?keyword=dokter&country=ID&locationName=All+Cities%2FProvinces&lowestLocationLevel=1&page=2","","https://glints.com/id/opportunities/jobs/dokter-umum/a8076ac2-733e-40e3-9ce0-463783e0209e?utm_referrer=explore&traceInfo=588084f708368bbdcbdf1a6941c539db","Dokter Umum","PT. Jakarta Kyoai Medical Center","Penuh Waktu · Kerja di kantor","PersyaratanKerja di kantor1 - 3 tahun pengalamanMinimal Sarjana (S1)","SkillsHealthcareStrong Communication SkillsTeamwork","Deskripsi Pekerjaan:Melakukan pemeriksaan/screening/konsultasi untuk pasien Indonesia dan pasien JepangMembuat laporan Medical Check Up dan Kesehatan pasienMelakukan penanganan pertama dan evakuasi/rujukan untuk kondisi pasien daruratBertanggung jawab atas kelancaran operasional klinik sehari-hari

Kulifikasi:Pendidikan Minimal S1 Profesi DokterTelah menyelesaikan program internship (bagi lulusan baru)Wajib memiliki STR (Surat Tanda Registrasi), anggota IDI dan sertifikat Hiperkes yang masih aktif dan berlakuMemiliki pengalaman min 1th di RS/Klinik sebagai Dokter UmumBerkepribadian baik, dapat bekerja sama dengan baik, memiliki rasa tanggung jawab dan loyalitas terhadap kemajuan klinikBersedia ditempatkan di Area Klinik Jakarta Pusat (sudirman)","Alamat kantorWisma KEIAI, 6th Floor, Jl. Jenderal Sudirman No.Kav. 3-4, RT.10/RW.11, Karet Tengsin, Kecamatan Tanah Abang, Kota Jakarta Pusat, Daerah Khusus Ibukota Jakarta 10220"
"1726202827-37","https://glints.com/id/opportunities/jobs/explore?keyword=dokter&country=ID&locationName=All+Cities%2FProvinces&lowestLocationLevel=1&page=2","","https://glints.com/id/opportunities/jobs/dokter-umum/35a5a033-11af-4610-a3d8-e4060d6c8a2a?utm_referrer=explore&traceInfo=588084f708368bbdcbdf1a6941c539db","Dokter Umum","Klinik Utama Mutiara Cikutra","Penuh Waktu · Kerja di kantor","PersyaratanKerja di kantor1 - 3 tahun pengalamanMinimal Sarjana (S1)","SkillsDokter UmumTindakan KhitanBedah Ringan","⚠️URGENTLY NEEDED - DOKTER⚠️
Klinik Utama Mutiara Cikutra membuka kesempatan bagi para profesional untuk bergabung dan berkarir bersama kami..
Cek posisi dan kualifikasinya dan segera daftarkan diri dengan cara:
- Pendidikan min. S1 Kedokteran- Wanita/Pria usia max. 30 tahun- Memiliki STR Aktif- Pengalaman min. 1 tahun
Persyaratan Khusus :
- Komunikatif & Ramah- Good Attitude- Jujur & bertanggung jawab",""
"1726202832-38","https://glints.com/id/opportunities/jobs/explore?keyword=dokter&country=ID&locationName=All+Cities%2FProvinces&lowestLocationLevel=1&page=2","","https://glints.com/id/opportunities/jobs/dokter-umum/1afeaad5-0d9b-407c-9d44-606719ea8f02?utm_referrer=explore&traceInfo=588084f708368bbdcbdf1a6941c539db","Dokter Umum","KLINIK RATNASARI SEHAT","Kontrak · Kerja di kantor","PersyaratanKerja di kantorMinimal Sarjana (S1)20-35 tahun","SkillsMampu Bekerjasama TimBertanggung JawabBerkomunikasi Dengan BaikRamahDisiplin","DIBUTUHKAN DOKTER UMUM PRAKTEK TETAP di klinik Ratnasari group kab. bandung, terdapat 7 cabang, melayani pasien umum, BPJS, khitan, kecantikan, dan UGD malam.-wanita / pria single/ belum berkeluarga-memiliki STR aktif-bersedia mengikuti waktu dan peraturan yang ditetapkan oleh perusahaan-bersedia jika di tempatkan di poli umum maupun poli estetik (bagi dokter perempuan)-ramah, sopan, bertanggung jawab, dan disiplin-bersedia mengikuti training dan pelatihan yang di fasilitasi oleh klinik.
fasilitas:tempat tinggal, makan, asuransi, transportasi, seminar/pelatihan, jenjang karir (dokter PJ klinik)","Alamat kantorjl. Raya Soreang Banjaran, Kab. Bandung"
"1726202836-39","https://glints.com/id/opportunities/jobs/explore?keyword=dokter&country=ID&locationName=All+Cities%2FProvinces&lowestLocationLevel=1&page=2","","https://glints.com/id/opportunities/jobs/dokter-hewan/557d74f9-ae42-4a52-96d2-d5f02b75f3f7?utm_referrer=explore&traceInfo=588084f708368bbdcbdf1a6941c539db","Dokter Hewan","Benben Petcare","Penuh Waktu · Kerja di kantor","PersyaratanKerja di kantor1 - 3 tahun pengalamanMinimal Sarjana (S1)20-30 tahun","SkillsDokter HewanCustomer ServiceCommunication Skills","PERSYARATAN- Pria/wanita,- Dokter hewan fresh graduate atau mahasiswa koas tingkat akhir.- Bersedia bekerja shift.- Dapat bekerja dalam tim maupun individu, Komunikatif. Jujur dan bertanggung jawab, Penempatan Sunter Jakarta Utara,
BENEFIT- Gaji pokok- Tunjangan tempat tinggal.- Subsidi Continuing education,- Bimbingan dokter hewan senior.- Jenjang karir.","Alamat kantorJl. Agung Barat 2 Blok B-1A No. 34-36, Sunter Agung, Jakarta Utara."
"1726202839-40","https://glints.com/id/opportunities/jobs/explore?keyword=dokter&country=ID&locationName=All+Cities%2FProvinces&lowestLocationLevel=1&page=2","","https://glints.com/id/opportunities/jobs/dokter-hewan/c77ae2da-a445-4736-93f9-cd4c5439cb15?utm_referrer=explore&traceInfo=588084f708368bbdcbdf1a6941c539db","Dokter Hewan","Maw N Paw Pethouse","Kontrak · Kerja di kantor","PersyaratanKerja di kantor1 - 3 tahun pengalamanMinimal Sarjana (S1)23-28 tahunPerempuan saja","SkillsTeamworkTelecommunicationsQuality ControlDisciplineMedical Devices","Veterinary di Maw N Paw Pethouse adalah jantung dari komitmen kami terhadap kesehatan dan kesejahteraan hewan peliharaan. Dengan fasilitas yang mendukung, layanan yang komprehensif, dan kerja sama tim yang berdedikasi, kami berusaha memberikan perawatan yang berkualitas dan penuh perhatian untuk setiap hewan peliharaan yang kami layani. Kami mengundang Anda untuk mempercayakan kesehatan hewan peliharaan Anda kepada kami dan merasakan sendiri dedikasi dan keahlian kami dalam menjaga kesehatan mereka.","Alamat kantor[Cabang Utama]
MAW N PAW PETHOUSE TAMBUN
Ruko Madina No. 11 Tridaya Sakti

[Cabang Kedua]
MAW N PAW PETHOUSE CIBITUNG
Ruko Melawai 2 Metland Cibitung"
"1726202841-41","https://glints.com/id/opportunities/jobs/explore?keyword=dokter&country=ID&locationName=All+Cities%2FProvinces&lowestLocationLevel=1&page=2","","https://glints.com/id/opportunities/jobs/dokter-hewan/4ad1a0b5-e0cd-4214-8c75-d36c34b1758f?utm_referrer=explore&traceInfo=588084f708368bbdcbdf1a6941c539db","Dokter Hewan","Candy Vet House","Penuh Waktu · Kerja di kantor","PersyaratanKerja di kantorPengalaman kurang dari 1 tahunMinimal Sarjana (S1)","SkillsCommunicativeTeamworkHealthcare","Kualifikasi:* Laki-laki/Perempuan* Fresh graduate atau berpengalaman* Anggota PDHI & memiliki STRV* Paham dan berpengalaman dengan hewan* Mampu bekerja tim/individu* Penyayang hewan, tidak takut, dan tidak jijik* Jujur, disiplin, sopan, tegas, bertanggung jawab, serta memiliki etos kerja tinggi* Tidak mudah terbawa perasaan* Mampu bekerja dalam tekanan* Memiliki kemampuan berkomunikasi yang baik* Bersedia bekerja dengan sistem shifting* Diutamakan domisili Surabaya
Benefit:*  Gaji Pokok, Bonus, BPJS, THR, Makan, Libur 1x Seminggu. *  Upgrade Skill (Seminar/Workshop)","Alamat kantorJl. Griya Kebraon Utara IV No.1 Blok AP, Kebraon, Kec. Karangpilang, Surabaya, Jawa Timur 60222"
"1726202844-42","https://glints.com/id/opportunities/jobs/explore?keyword=dokter&country=ID&locationName=All+Cities%2FProvinces&lowestLocationLevel=1&page=2","","https://glints.com/id/opportunities/jobs/dokter-umum/345363f4-600b-417c-ac03-fb5ac93bb273?utm_referrer=explore&traceInfo=588084f708368bbdcbdf1a6941c539db","Dokter Umum","Ratnasari Sehat Group","Penuh Waktu · Kerja di kantor","PersyaratanKerja di kantor1 - 3 tahun pengalamanMinimal Diploma (D1 - D4)20-35 tahunPerempuan saja","SkillsPositive AttitudeTeamworkCommunication SkillsAttention to Detail","Kualifikasi:﻿Wanita (Single/Belum Berkeluarga)﻿Usia maksimal 35 tahun﻿Memiliki STR Aktif﻿Bersedia mengikuti Waktu dan peraturan yang ditetapkan oleh perusahaan﻿Bersedia jika di tempatkan di poli umum maupun poli estetikaFasilitas:Garansi fee 8,5 jt/bulan minimal 26 hari jaga.THP rata rata lebih dari garansi.Tempat tinggal/ mess, makan, asuransi,transportasi, seminar/pelatihan, jenjang karir (dokter PJ klinik).","Alamat kantorCiluncat, Kec. Cangkuang, Kabupaten Bandung, Jawa Barat 40377"
"1726202846-43","https://glints.com/id/opportunities/jobs/explore?keyword=dokter&country=ID&locationName=All+Cities%2FProvinces&lowestLocationLevel=1&page=2","","https://glints.com/id/opportunities/jobs/dokter-umum/8777f4f3-2215-4566-a3f2-87ec4447c359?utm_referrer=explore&traceInfo=588084f708368bbdcbdf1a6941c539db","Dokter Umum","Klinik Duaempat","Penuh Waktu · Kerja di kantor","PersyaratanKerja di kantorPengalaman kurang dari 1 tahunMinimal Sarjana (S1)","SkillsTeamworkCommunicativeDiscipline","Kualifikasi:Pria/WanitaPendidikan min. S1 Profesi Kedokteran Bersedia membuat SIP (Surat Izin Praktek) Jujur, disiplin, komunikatif, dan dapat bekerjasamaMemiliki STR yang masih berlaku Memiliki komitmen dan Integritas yang tinggi","Alamat kantorJl. Masjid Ciater, RT.06/RW.10, Ciater, Kec. Serpong, Kota Tangerang Selatan, Banten 15310"
"1726202855-44","https://glints.com/id/opportunities/jobs/explore?keyword=dokter&country=ID&locationName=All+Cities%2FProvinces&lowestLocationLevel=1&page=2","","https://glints.com/id/opportunities/jobs/dokter-aesthetic/fe6f6b6a-7430-48b1-9971-cfc093178048?utm_referrer=explore&traceInfo=588084f708368bbdcbdf1a6941c539db","Dokter Aesthetic","Omedica Klinik","Penuh Waktu · Kerja di kantor","PersyaratanKerja di kantor3 - 5 tahun pengalamanMinimal Sarjana (S1)30-45 tahun","SkillsKecantikanSlimmingAesthetic","> Senior Doctor who had experience in an aesthetic industry minimum of 3 years> Experience in doing Botox & Filler 3 to 5 years minimum (with certified validity)> Experience in doing Face Threadlift (nose, cheeks, eyes, and sagging skin) minimum 2 years (with certified validity)> Having an active STR minimum 2 years> Good Interpersonal Skills and Positive Personality> Passionate in the Beauty and Aesthetic industry","Alamat kantorJl. Boulevard Bar. Raya Blok LC7 No.58, Jl. Nasional 13 No.7, RT.13/RW.7, Klp. Gading Bar., Kec. Klp. Gading, Kota Jkt Utara, Daerah Khusus Ibukota Jakarta 14240"
"1726202858-45","https://glints.com/id/opportunities/jobs/explore?keyword=dokter&country=ID&locationName=All+Cities%2FProvinces&lowestLocationLevel=1&page=2","","https://glints.com/id/opportunities/jobs/dokter-umum/bbb77436-25fc-4f0b-abd3-ab231c267f9d?utm_referrer=explore&traceInfo=588084f708368bbdcbdf1a6941c539db","Dokter Umum","Klinik Utama Bandung Pain Rehab Center","Penuh Waktu · Kerja di kantor","PersyaratanKerja di kantor3 - 5 tahun pengalamanMinimal Sarjana (S1)Perempuan saja","SkillsCommunication SkillsEnglish LanguangeMultitasking","Di bawah naungan PT Indonesia Bebas Nyeri dengan misi Indonesia Bebas Nyeri tahun 2030, Klinik Utama Bandung Pain Rehab Center (BPRC) semakin berkembang, baik dalam pelayanan, penelitian, edukasi dan publikasi tingkat nasional maupun internasional.Sebagai grup klinikBebasNyeri, pertama didirikan Klinik Utama Bandung Pain Rehab Center (BPRC) yang beralamat di Jl. Supratman No. 57 Kota Bandung dan saat ini bertambah klinikBebasNyeri di wilayah lainnya.
Kualifikasi:Dokter umumDiutamakan perempuanMemiliki STR AktifDiutamakan bisa berbahasa sundaMenguasai bahasa inggrisBerpengalaman praktek sebagai dokter minimal 3 tahunDiutamakan memiliki pengalaman dalam jabatan struktural
Keuntungan:Dibimbing langsung oleh dokter spesialis KFR penguji pain specialist internasional Dapat mengikuti webinar manajemen nyeri secara gratis Bila tertarik dapat turut mengajukan diri terlibat publikasi internasional tentang manajemen nyeri","Alamat kantorJl. SUpratman No.57 RT.006 RW.004, Kelurahan Cihapit, Kecamatan Bandung Wetan"
"1726202861-46","https://glints.com/id/opportunities/jobs/explore?keyword=dokter&country=ID&locationName=All+Cities%2FProvinces&lowestLocationLevel=1&page=2","","https://glints.com/id/opportunities/jobs/dokter-estetik/27c0bda7-49c9-489f-ab5e-918de54dbfe7?utm_referrer=explore&traceInfo=588084f708368bbdcbdf1a6941c539db","Dokter Estetik","Le Sunque Aesthetic Clinic","Paruh Waktu · Kerja di kantor","PersyaratanKerja di kantor1 - 3 tahun pengalamanMinimal Sarjana (S1)25-34 tahun","SkillsCommunicative","JOB DESCRIPTION:Bertanggung jawab terhadap pasienmelakukan tindakan medis estetika sesuai SOPmelayani konsultasi pasien sesuai SOP klinikmelakukan tindakan medis dan memberikan pelayanan yg terbaik kepada pasien
JOB REQUIREMENT:diutamakan dokter wanitaberusia maximal 35 tahunmemiliki STR aktifbersedia bekerja dari klinik kami di green lake citysudah memiliki pengalaman min 1 tahun di bidang estetika","Alamat kantorGreen lake citu ruko CBD blok M 32"
"1726202864-47","https://glints.com/id/opportunities/jobs/explore?keyword=dokter&country=ID&locationName=All+Cities%2FProvinces&lowestLocationLevel=1&page=2","","https://glints.com/id/opportunities/jobs/dokter-estetika/b3c4a773-b0bd-46d1-b843-6be1422d762a?utm_referrer=explore&traceInfo=588084f708368bbdcbdf1a6941c539db","Dokter Estetika","Klinik Kecantikan Puspita Sidoarjo","Kontrak · Kerja di kantor","PersyaratanKerja di kantor1 - 3 tahun pengalamanMinimal Sarjana (S1)25-35 tahun","SkillsDokter EstetikaKecantikanCommunication Skills","Persyaratan :
1. Perempuan / Laki-Laki2. Ramah , Terampil , dan Bertanggung Jawab3. Berpenampilan menarik4. Usia Maksimal 35th5. Pendidikan Profesi Kedokteran6. Memiliki STR aktif dan bersedia membuat SIP7. Mampu berkejasama dalam Team8. Tertarik dalam bidang kecantikan9. Bersedia Kontrak Kerja","Alamat kantorJl. Pondok Jati Blok BF, No 4, Pondok Jati, Desa Pagerwojo, Kec. Buduran, Kab.Sidoarjo"
"1726202874-48","https://glints.com/id/opportunities/jobs/explore?keyword=dokter&country=ID&locationName=All+Cities%2FProvinces&lowestLocationLevel=1&page=2","","https://glints.com/id/opportunities/jobs/dokter-aesthetic/499b9077-392f-4475-b0b2-b909f5e164da?utm_referrer=explore&traceInfo=588084f708368bbdcbdf1a6941c539db","Dokter Aesthetic","Aiskin Premier","Penuh Waktu · Kerja di kantor","PersyaratanKerja di kantor1 - 3 tahun pengalamanMinimal Diploma (D1 - D4)25-35 tahunPerempuan saja","SkillsTeamworkCommunication SkillsPositive Attitude","Persyaratan :wanita usia < 35 tahun, STR aktifminimal berpengalaman praktek aestetik 1-2 tahunjujur, disipilin, bertanggung jawabkontrak 2 tahun, 5 hari kerja @7,5 jampenampilan menarik, bisa make upsehat jasmani dan rohani","Alamat kantorJl. Raya Klp. Dua Blok/ No. Kav 21, Klp. Dua, Kec. Klp. Dua, Kabupaten Tangerang, Banten 15811"
"1726202881-49","https://glints.com/id/opportunities/jobs/explore?keyword=dokter&country=ID&locationName=All+Cities%2FProvinces&lowestLocationLevel=1&page=2","","https://glints.com/id/opportunities/jobs/dokter-estetika/57e6387b-8ca0-46e6-b947-e555ea4854f8?utm_referrer=explore&traceInfo=588084f708368bbdcbdf1a6941c539db","Dokter Estetika","Kilau Beauty Gading Serpong","Penuh Waktu · Kerja di kantor","PersyaratanKerja di kantor1 - 3 tahun pengalamanMinimal Sarjana (S1)Perempuan saja","SkillsHealthcareFacialPositive AttitudeDokter Estetika","We are hiring Dokter EstetikaKualifikasi :Wanita sehat Jasmani dan RohaniUsia maksimal 35 tahunBersedia kontrak minimal 2 tahunPendidikan min. Profesi DokterMemiliki STR aktifBersedia mengurus SIPBerpengalaman di bidang Aesthetic diutamakanFresh Graduate are welcomeBerpenampilan menarik, komunikatif dan jujurBersedia ditempatkan di Gading SerpongSalary/gaji diinfokan lebih lanjut saat interview","Alamat kantorRuko Bavaria. 62, Jl. Fatmawati No.82, Kelapa Dua, Kabupaten Tangerang, Banten 15111"
"1726202884-50","https://glints.com/id/opportunities/jobs/explore?keyword=dokter&country=ID&locationName=All+Cities%2FProvinces&lowestLocationLevel=1&page=2","","https://glints.com/id/opportunities/jobs/dokter-onsite/c7faa461-72ae-438c-8c20-800bd17211d4?utm_referrer=explore&traceInfo=588084f708368bbdcbdf1a6941c539db","Dokter Onsite","PT Medika Jasa Utama (Global Doctor)","Penuh Waktu · Kerja di kantor","PersyaratanKerja di kantorPengalaman kurang dari 1 tahunMinimal Sarjana (S1)Laki-laki saja","SkillsCommunication SkillsMedical DevicesMicrosoft Office","Pendidikan minimal S1 Profesi Dokter (Fresh graduate dipersilahkan untuk melamar)Memiliki STR yang aktifMemiliki Sertifikat ACLS /ATLS aktifMemiliki Sertifikat HiperkesBersedia bekerja sistem rotating sebagai dokter tetap / replacerBersedia ditempatkan keluar kotaDiutamakan siap join secepatnyaHead Office : Jakarta SelatanPenempatan : Jabodatebek / Luar Jabodetabek (Kaltim,Kalteng,Sumbawa dll)Sistem POH JAKARTA","Alamat kantor Jl. Kayu Manis No.21A Balekambanng, Kramat Jati, Jakarta Timur 13530"
"1726202891-51","https://glints.com/id/opportunities/jobs/explore?keyword=dokter&country=ID&locationName=All+Cities%2FProvinces&lowestLocationLevel=1&page=2","","https://glints.com/id/opportunities/jobs/asisten-dokter/aae8f181-b511-4cb2-9e72-c340968f26a1?utm_referrer=explore&traceInfo=588084f708368bbdcbdf1a6941c539db","Asisten Dokter","Dria Dermalogic","Kontrak · Kerja di kantor","PersyaratanKerja di kantor1 - 3 tahun pengalamanMinimal SMA/SMK20-30 tahunPerempuan saja","SkillsCustomer RelationsCommunication SkillsClient ServicesNursingMedical DevicesHealthcare","Drialogy sedang mencari Asisten Dokter untuk Klinik Kecantikan  yang memiliki antusias tinggi dan ingin berkembang bersama kami.
Berpenampilan menarikBerpengalaman di bidang kecantikan / kesehatan lebih diutamakanMemiliki Latar belakang medis lebih diutamakanPaham media sosial & Teknologi Mampu berkomunikasi dengan baikBerdomisili Surabaya","Alamat kantorJl. Mastrip no. 40, Warugunung"
"1726202893-52","https://glints.com/id/opportunities/jobs/explore?keyword=dokter&country=ID&locationName=All+Cities%2FProvinces&lowestLocationLevel=1&page=2","","https://glints.com/id/opportunities/jobs/dokter-kecantikan/b5166b54-f8ad-4a72-9da3-7ec9870ce724?utm_referrer=explore&traceInfo=588084f708368bbdcbdf1a6941c539db","Dokter Kecantikan","Kilau Beauty Gading Serpong","Penuh Waktu · Kerja di kantor","PersyaratanKerja di kantor1 - 3 tahun pengalamanMinimal Sarjana (S1)Perempuan saja","SkillsDokter EstetikaPositive AttitudeHealthcareFacial","We are hiring Dokter KecantikanKualifikasi :Wanita sehat Jasmani dan RohaniUsia maksimal 35 tahunBersedia kontrak minimal 2 tahunPendidikan min. Profesi DokterMemiliki STR aktifBersedia mengurus SIPBerpengalaman di bidang Aesthetic diutamakanFresh Graduate are welcomeBerpenampilan menarik, komunikatif dan jujurBersedia ditempatkan di Gading SerpongSalary/gaji diinfokan lebih lanjut saat interview","Alamat kantorRuko Bavaria. 62, Jl. Fatmawati No.82, Kelapa Dua, Kabupaten Tangerang, Banten 15111"
"1726202903-53","https://glints.com/id/opportunities/jobs/explore?keyword=dokter&country=ID&locationName=All+Cities%2FProvinces&lowestLocationLevel=1&page=2","","https://glints.com/id/opportunities/jobs/dokter-aesthetic/30aeadbe-ae57-4f41-a796-a396cc74e4a5?utm_referrer=explore&traceInfo=588084f708368bbdcbdf1a6941c539db","Dokter Aesthetic","Klinik Utama Farla","Paruh Waktu · Kerja di kantor","PersyaratanKerja di kantor1 - 3 tahun pengalamanMinimal Sarjana (S1)23-35 tahun","SkillsTeamworkHealthcareMedical Devices","umur 23-35 tahunberpengalaman minimal 1 tahun di dunia aestheticmemiliki str dokter aktif dan terdaftar di IDIbersedia mengurus SIPmemahami dasar-dasar di bidang estetikabersedia melakukan aktivitas online marketing (konsultasi online & content creator)memiliki kepribadian yang baik dan penampilan yang menarik

memiliki pengalaman di Klinik kecantikan minimal 1 tahun, dan sertifikat dibidang estetika medis                                                                                                                                         
                                                                                                                                                    
Penempatan : Johar Baru / Cilandak","Alamat kantorJl. Samba No.12, Tanah Tinggi, Kec. Johar Baru, Kota Jakarta Pusat, Daerah Khusus Ibukota Jakarta 10540"
"1726202906-54","https://glints.com/id/opportunities/jobs/explore?keyword=dokter&country=ID&locationName=All+Cities%2FProvinces&lowestLocationLevel=1&page=2","","https://glints.com/id/opportunities/jobs/dokter-umum/c1e30204-7bff-49b3-8a41-34a76a9d4a58?utm_referrer=explore&traceInfo=588084f708368bbdcbdf1a6941c539db","Dokter Umum","RSU Bali Jimbaran","Penuh Waktu · Kerja di kantor","PersyaratanKerja di kantor1 - 3 tahun pengalamanMinimal Sarjana (S1)","SkillsHealthcareAttention to DetailPositive Attitude","KUALIFIKASI :// Usia Max. 35 Tahun// Pria / Wanita// STR Aktif// Memiliki sertifikatATLS / ACLS// Lancar berbahasa Inggris(lisan dan tulisan)// Mampu bekerja dalam tim/ Ramah dan Profesional","Alamat kantorJl. Raya Kampus Unud No.52, Jimbaran, Kec. Kuta Sel., Kabupaten Badung, Bali"
"1726202910-55","https://glints.com/id/opportunities/jobs/explore?keyword=dokter&country=ID&locationName=All+Cities%2FProvinces&lowestLocationLevel=1&page=2","","https://glints.com/id/opportunities/jobs/dokter-estetika/0774e189-5f9d-4973-a696-826c942ad082?utm_referrer=explore&traceInfo=588084f708368bbdcbdf1a6941c539db","Dokter Estetika","Aeri Beauty House (Ae-Ri Korean Beauty House)","Penuh Waktu · Kerja di kantor","PersyaratanKerja di kantorMinimal Sarjana (S1)Perempuan saja","SkillsResponsibleCommunicativeTeamwork","Wanita Usia Max 30 TahunPengalaman bekerja di salon kecantikan atau spa minimal 1 tahunPenampilan rapi, menarik, komunikatifPenempatan di PIK 2Bersedia terikat masa kontrakJujur, Teliti, CekatanBersedia bekerja di weekend atau public holidayMemiliki ketertarikan mengenai dunia kecantikan","Alamat kantorRuko Grand Galaxy City, Jl. Rose Garden 5 No.18, Jaka Setia, Kec. Bekasi Sel., Kota Bks, Jawa Barat 17147"
"1726202913-56","https://glints.com/id/opportunities/jobs/explore?keyword=dokter&country=ID&locationName=All+Cities%2FProvinces&lowestLocationLevel=1&page=2","","https://glints.com/id/opportunities/jobs/dokter-estetika/7d956c85-cf29-47d7-a819-3c96ab1e7de0?utm_referrer=explore&traceInfo=588084f708368bbdcbdf1a6941c539db","DOKTER ESTETIKA","SAVYA Aesthetic Clinic by dr. Eva","Penuh Waktu · Kerja di kantor","PersyaratanKerja di kantor1 - 3 tahun pengalamanMinimal Sarjana (S1)Perempuan saja","SkillsHealthcare","Persyaratan:  • Perempuan, muslim, usia max. 35 tahun  • Berpenampilan menarik dan komunikatif  • Mempunyai STR aktif dan bersedia membuat SIP • Fresh graduate welcome  • Diutamakan yang memiliki Sertifikat Pelatihan Estetik  • Memiliki loyalitas, attitude, dan etos kerja yang baik  • Bisa bekerja dengan tim maupun individu  • Bersedia bekerja di bawah target dan tekanan  • Bersedia training di Kulon Progo  • Penempatan di Savya cabang Bantul Kota","Alamat kantor3694+X4M, Barahan, Tirtorahayu, Kec. Galur, Kabupaten Kulon Progo, Daerah Istimewa Yogyakarta"
"1726202917-57","https://glints.com/id/opportunities/jobs/explore?keyword=dokter&country=ID&locationName=All+Cities%2FProvinces&lowestLocationLevel=1&page=2","","https://glints.com/id/opportunities/jobs/dokter-researcher/3deb019d-798b-4ad8-83d0-88c90b9979cf?utm_referrer=explore&traceInfo=588084f708368bbdcbdf1a6941c539db","Dokter Researcher","Cv. Dunia Sehat Sentosa Indonesia","Penuh Waktu · Kerja di kantor","PersyaratanKerja di kantor1 - 3 tahun pengalamanMinimal Sarjana (S1)","SkillsMedical Devices","Kualifikasi:-Pendidikan minimal S1 Profesi Kedokteran Umum -Pengalaman di bidang yang sama minimal 1 tahun (Freshgraduate dipersilahkan melamar)-Memiliki Surat Tanda Registrasi (STR) Kedokteran yang masih berlaku-Pernah mengikuti pelatihan (ACLS/ATLS/HIPERKES/PPGD)-Memiliki kemampuan komunikasi yang baik-Open minded dan memiliki stabilitas emosi/kematangan diri-Bertanggungjawab, jujur, ramah dan mengedepankan layanan terbaikTugas dan Tanggung Jawab:-Melayani pemeriksaan dan konsultasi kesehatan-Melakukan penelitian dan membuat laporan","Alamat kantorRuko North Junction RC 08, Citraland, Sambikerep, Surabaya"
"1726202920-58","https://glints.com/id/opportunities/jobs/explore?keyword=dokter&country=ID&locationName=All+Cities%2FProvinces&lowestLocationLevel=1&page=2","","https://glints.com/id/opportunities/jobs/dokter-estetika/99968e30-3c52-4c0d-a2b6-6686db18d653?utm_referrer=explore&traceInfo=588084f708368bbdcbdf1a6941c539db","Dokter Estetika","Vorta Beauty Clinic","Kontrak · Kerja di kantor","PersyaratanKerja di kantor1 - 3 tahun pengalamanMinimal Sarjana (S1)26-33 tahunPerempuan saja","SkillsCustomer SatisfactionfillerBasic Estetika","JOB DESCRIPTION:Bertanggung jawab terhadap pasienMelakukan tindakan medis estetika sesuai SOPMemberikan konsultasi perawatan estetika dengan tepatMelakukan tindakan medis dan memberikan pelayanan terbaik terhadap pasienBertanggung jawab atas data status pasien dan hasilnyaMemberikan informasi akurat tentang treatment kepada pasienMonitor pengambilan foto before-after perawatan pasienMemantau perkembangan perawatan untuk kepuasan pasien
JOB REQUIREMENT: Berusia maksimal 33 tahunPendidikan S1 Profesi Kedokteran dengan STR aktifPengalaman minimal 1 tahun di bidang estetika dengan doing basic to advanced aestheticTerbuka untuk fresh graduate dengan passion di bidang estetikaBersedia ditempatkan di seluruh Cabang Vorta Beauty Clinic (Jakarta, Palembang, Bandung)","Alamat kantorRuko Golf Island Beach Boulevard Blok B No. 9, Kel. Kamal Muara Kec. Penjaringan, DKI Jakarta 14470"
"1726202923-59","https://glints.com/id/opportunities/jobs/explore?keyword=dokter&country=ID&locationName=All+Cities%2FProvinces&lowestLocationLevel=1&page=2","","https://glints.com/id/opportunities/jobs/dokter-aesthetic/cba4887b-9a0f-4ebb-8dd9-ea54206c359c?utm_referrer=explore&traceInfo=588084f708368bbdcbdf1a6941c539db","Dokter Aesthetic","Mahayu Aesthetic Clinic","Penuh Waktu · Kerja di kantor","PersyaratanKerja di kantorPengalaman kurang dari 1 tahunMinimal Sarjana (S1)25-35 tahun","SkillsMedical DevicesHealthcareTeamwork","Tanggung Jawab Pekerjaan :– Memberikan konsultasi kepada pasien– Melakukan prosedur estetika kepada pasien– Menjelaskan prosedur/hasil/resiko/ efek samping dan setiap tindakan estetika– Menjelaskan paket/promo perawatan– Memberikan saran produk yang sesuai dengan jenis kulit pasien– Melakukan tindakan medis seperti infus, suntik vitamin
Keahlian :- Memiliki persuasive communication skill, - selling skill, - interpersonal skill yang baik.
Kualifikasi :– Dokter umum– Memiliki STR yang masih berlaku dan bersedia mengurus SIP– Suka Belajar Hal baru– Memiliki sertifikat dan keahlian di bidang kecantikan","Alamat kantorJalan Wiyung Praja no 08 A Surabaya"
"1726202927-60","https://glints.com/id/opportunities/jobs/explore?keyword=dokter&country=ID&locationName=All+Cities%2FProvinces&lowestLocationLevel=1&page=2","","https://glints.com/id/opportunities/jobs/dokter-gigi/b9b64883-7586-4f35-ae6b-e8cda93f2d91?utm_referrer=explore&traceInfo=588084f708368bbdcbdf1a6941c539db","Dokter Gigi","PT Medika Jasa Utama (Global Doctor)","Kontrak · Kerja di kantor","PersyaratanKerja di kantorPengalaman kurang dari 1 tahunMinimal Sarjana (S1)","SkillsHealthcareMedical DevicesDentist","Mempunyai STR aktifFresh Graduate/pengalaman 1 tahunBersedia ditempatkan di Jakarta Selatan","Alamat kantor Jl. Kayu Manis No.21A Balekambanng, Kramat Jati, Jakarta Timur 13530"
"1726205458-61","https://glints.com/id/opportunities/jobs/explore?keyword=dokter&country=ID&locationName=All+Cities%2FProvinces&lowestLocationLevel=1&page=1","","https://glints.com/id/opportunities/jobs/dokter-umum/def692aa-54cf-42e3-a5fe-35bfa3f74530?utm_referrer=explore&traceInfo=f741a69ee15b277866c8595e1226ab1b","Dokter Umum","Thrivanta Bali","Penuh Waktu · Kerja di kantor","PersyaratanKerja di kantor1 - 3 tahun pengalamanMinimal Sarjana (S1)24-35 tahun","SkillsDisciplineCommunicativeResponsible","- Berdomisili di Bali
- Memiliki STR Aktif
- Mampu bekerja dalam tim 
- Jujur, disiplin, komunikatif","Alamat kantorJl. Raya Sangeh, Blahkiuh, Kec. Abiansemal, Kabupaten Badung, Bali 80352"
"1726205460-62","https://glints.com/id/opportunities/jobs/explore?keyword=dokter&country=ID&locationName=All+Cities%2FProvinces&lowestLocationLevel=1&page=1","","https://glints.com/id/opportunities/jobs/dokter-aesthetic/da317c3a-5611-4a2b-8fc1-56fccfeb47a6?utm_referrer=explore&traceInfo=f741a69ee15b277866c8595e1226ab1b","Dokter Aesthetic","Glojas Aesthetics","Penuh Waktu · Kerja di kantor","PersyaratanKerja di kantorPengalaman kurang dari 1 tahunMinimal Sarjana (S1)","SkillsPositive AttitudeTeamworkTime ManagementCommunicativeMedical DevicesHealthcare","Dokter Aesthetic","Alamat kantorTHB 34 Pondok Indah Jl. Gedung Hijau Raya No.1F, Pd. Pinang, Kec. Kby. Lama, Kota Jakarta Selatan, Daerah Khusus Ibukota Jakarta 12310"
"1726205463-63","https://glints.com/id/opportunities/jobs/explore?keyword=dokter&country=ID&locationName=All+Cities%2FProvinces&lowestLocationLevel=1&page=1","","https://glints.com/id/opportunities/jobs/dokter-umum/c052bf3a-761a-448a-9123-a2df17bee2b4?utm_referrer=explore&traceInfo=f741a69ee15b277866c8595e1226ab1b","Dokter Umum","Murni Teguh Bali Hospital","Penuh Waktu · Kerja di kantor","PersyaratanKerja di kantor1 - 3 tahun pengalamanMinimal Magister (S2)23-35 tahun","SkillsCommunicativeResponsibleTeamwork","- Berdomisili di Bali
- Memiliki STR Aktif
- Sertifikat HIPERKES
- Sertifikat ATLS / ACLS
- Mampu bekerja dengan tim
- INSENTIF YANG MENARIK","Alamat kantorJl. Raya Tuban No.1A/45, Tuban, Kec. Kuta, Kabupaten Badung, Bali 80361"
"1726205473-64","https://glints.com/id/opportunities/jobs/explore?keyword=dokter&country=ID&locationName=All+Cities%2FProvinces&lowestLocationLevel=1&page=1","","https://glints.com/id/opportunities/jobs/dokter-umum/6b0328b6-03c4-4e67-932e-746d1670c991?utm_referrer=explore&traceInfo=f741a69ee15b277866c8595e1226ab1b","Dokter Umum","PT Catureka Suwarna Abadi","Penuh Waktu · Kerja di kantor","PersyaratanKerja di kantorPengalaman kurang dari 1 tahunMinimal Sarjana (S1)","SkillsEstetika","Tanggung Jawab:
Melakukan pemeriksaan awal pasien dan memberikan rekomendasi infus yang sesuai.Memastikan setiap pasien mendapat penanganan infus yang tepat dan aman.Mengawasi pelaksanaan prosedur medis oleh perawat dan tim kesehatan lainnya.Memberikan edukasi kepada pasien mengenai manfaat infus kesehatan.Mengawasi dan memastikan kualitas layanan kesehatan sesuai standar perusahaan.Kualifikasi:
Pendidikan profesi dokter (S1 Kedokteran dan Profesi Dokter).Memiliki STR aktif.Berpengalaman minimal 2 tahun di bidang pelayanan kesehatan (diutamakan pengalaman di klinik kecantikan, estetika, atau infus kesehatan).Komunikatif dan mampu memberikan pelayanan prima kepada pasien.Memiliki sertifikasi di bidang infus vitamin (nilai tambah).","Alamat kantorRukan Bandengan Indah Blok B No. 1 Jl. Bandengan Utara, Penjaringan Jakarta Utara, DKI Jakarta"
"1726205476-65","https://glints.com/id/opportunities/jobs/explore?keyword=dokter&country=ID&locationName=All+Cities%2FProvinces&lowestLocationLevel=1&page=1","","https://glints.com/id/opportunities/jobs/dokter-estetika/cea4cf3d-4cfc-4806-858e-2cfe685f77d2?utm_referrer=explore&traceInfo=f741a69ee15b277866c8595e1226ab1b","Dokter Estetika","Ederma Clinic Jakarta","Penuh Waktu · Kerja di kantor","PersyaratanKerja di kantor1 - 3 tahun pengalamanMinimal Sarjana (S1)25-40 tahunPerempuan saja","SkillsTime Management","Pendidikan dokter estetika            Memiliki STR dan SIP aktif            Terdaftar di IDI             Berpenampilan menarik            Memiliki ketertarikan di bidang estetika dan skin care            Pengalaman min. 1 tahun sebagai dokter estetika            Sertifikat pelatihan estetika menjadi nilai tambah            Komunikatif, ramah dan berorientasi pada pelayanan            Mampu bekerja secara tim            Bersedia bekerja dengan sistem shift            Penempatan di Mataram, Lombok","Alamat kantorA Team Management, Jalan Kemang Selatan No.150, Cilandak, Pasar Minggu"
"1726205478-66","https://glints.com/id/opportunities/jobs/explore?keyword=dokter&country=ID&locationName=All+Cities%2FProvinces&lowestLocationLevel=1&page=1","","https://glints.com/id/opportunities/jobs/dokter-umum/a8c7e51f-4923-40c6-88ef-7f0c4efcf9c3?utm_referrer=explore&traceInfo=f741a69ee15b277866c8595e1226ab1b","Dokter Umum","Red Group","Penuh Waktu · Kerja di kantor","PersyaratanKerja di kantorPengalaman kurang dari 1 tahunMinimal Sarjana (S1)","SkillsMedical DevicesTime ManagementTeamwork","Deskripsi pekerjaan:memeriksa dan mendiagnosis pasienMenyusun rencana pengobatanMelakukan perawatan kepada pasienMengedukasi pasien","Alamat kantorJl. Ratna Denpasar No.68G, Tonja, Kec. Denpasar Utara, Kota Denpasar, Bali"
"1726205481-67","https://glints.com/id/opportunities/jobs/explore?keyword=dokter&country=ID&locationName=All+Cities%2FProvinces&lowestLocationLevel=1&page=1","","https://glints.com/id/opportunities/jobs/dokter-umum/cc222794-440e-4b5b-aa76-2248e3aec60f?utm_referrer=explore&traceInfo=f741a69ee15b277866c8595e1226ab1b","Dokter Umum","Yayasan Mangkubumi Medika","Penuh Waktu · Kerja di kantor","PersyaratanKerja di kantor1 - 3 tahun pengalamanMinimal Sarjana (S1)","SkillsDisciplineCommunicativeLeadership DevelopmentTeamwork","1. Melakukan pemeriksaan fisik pasien secara menyeluruh untuk mendiagnosis penyakit. 2. Memberikan pengobatan yang sesuai dengan diagnosis penyakit pasien. 3. Memberikan rehabilitasi medis pada pasien untuk mencegah komplikasi penyakit. 4. Memberikan terapi (obat) sesuai dengan diagnosis penyakit pasien. 5. Melakukan tindakan pencegahan penyakit. 6. Memberikan konsultasi kesehatan. 7. Merujuk pasien ke dokter spesialis jika kasus yang dialami lebih serius.","Alamat kantorJl. Rumah Sakit No.56-58, Kahuripan, Kec. Tawang, Kab. Tasikmalaya, Jawa Barat 46113"
"1726205483-68","https://glints.com/id/opportunities/jobs/explore?keyword=dokter&country=ID&locationName=All+Cities%2FProvinces&lowestLocationLevel=1&page=1","","https://glints.com/id/opportunities/jobs/dokter-casemix/2f276b36-cf7d-410e-8aea-ade07c9048d0?utm_referrer=explore&traceInfo=f741a69ee15b277866c8595e1226ab1b","Dokter Casemix","UniMedika Hospitals Group","Penuh Waktu · Kerja di kantor","PersyaratanKerja di kantor1 - 3 tahun pengalamanMinimal Sarjana (S1)","SkillsHealthcareCommunication SkillsTeamwork","We're HiringDokter Casemix
Kualifikasi:1. Pendidikan S1 Profesi Kedokteran 2. Memiliki Pengalaman Min. 1 Tahun sebagai Dokter Casemix 3. Memiliki STR Aktif 4. Mengerti Coding Penyakit5. Memiliki Pengetahuan terkait regulasi BPJS6. Mampu bekerjasama dalam tim & komunikatif7. Bersedia ditempatkan di Ciwaringin, Cirebon

Catatan:
  UniMedika Hospitals Group (Corporate) tidak pernah memungut biaya apapun dalam proses rekrutmen.  UniMedika Hospitals Group (Corporate) tidak pernah bekerja sama dengan travel agent / biro perjalanan tertentu dalam proses  rekrutmen.  Apabila Anda diminta untuk membayar sejumlah uang dalam bentuk pembayaran tiket pesawat dan hotel atau  akomodasi lainnya agar diabaikan.  Apabila ada Panggilan wawancara di lokasi yang tidak sesuai dengan iklan yang tertera pada iklan lowongan mohon untuk diabaikan.  Jangan memberikan data pribadi atau data keuangan Anda kepada siapapun.",""
"1726205485-69","https://glints.com/id/opportunities/jobs/explore?keyword=dokter&country=ID&locationName=All+Cities%2FProvinces&lowestLocationLevel=1&page=1","","https://glints.com/id/opportunities/jobs/dokter-estetika/40f88d1f-7cee-4bc1-874b-0ad9d8e5c566?utm_referrer=explore&traceInfo=f741a69ee15b277866c8595e1226ab1b","Dokter Estetika","PT Cahaya Estetika Indonesia","Kontrak · Kerja di kantor","PersyaratanKerja di kantor1 - 3 tahun pengalamanMinimal Sarjana (S1)25-35 tahunPerempuan saja","SkillsLaserContouringThreadliftFillerBotox","Kualifikasi :Memiliki STR aktifMemiliki sertifikat pelatihan estetikaBerpengalaman di bidang kecantikan minimal 2 tahunMenguasai berbagai treatment kecantikan (threadlift, botox, filler, dll)Bersedia bekerja di hari libur dan weekend
Jobdesk :Memberikan konsultasi perawatan estetika dengan baik dan tepat sesuai kebutuhan dan permintaan pasien.Menganalisa kebutuhan pasien dan memberikan rekomendasi tentang produk kecantikan.Menyediakan program yang sesuai dengan tujuan dan kondisi pasien.Melakukan perawatan kecantikan pada wajah pasien.Mengedukasi pasien tentang risiko yang dapat timbul akibat dari suatu tindakan medis dan cara mengatasinya.Bertanggung jawab terhadap pasien dan tempat praktek.Melakukan tindakan medis estetika sesuai dengan SOP.
Benefit :Jenjang karir untuk jangka panjang.BonusAsuransi","Alamat kantorRuko Diamond No.31-32 
Jl Gading Golf Boulevard
Kelurahan Pakulonan Barat
Kecamatan Kelapa Dua
Kota Tangerang Selatan
Provinsi Banten"
"1726205497-70","https://glints.com/id/opportunities/jobs/explore?keyword=dokter&country=ID&locationName=All+Cities%2FProvinces&lowestLocationLevel=1&page=1","","https://glints.com/id/opportunities/jobs/dokter/6f655226-d453-457c-8f51-2aa746fae9aa?utm_referrer=explore&traceInfo=f741a69ee15b277866c8595e1226ab1b","Dokter","PT. Benings Glow Indonesia","Penuh Waktu · Kerja di kantor","PersyaratanKerja di kantorPengalaman kurang dari 1 tahunMinimal Sarjana (S1)","SkillsMedical DevicesCommunicativeDiscipline","Jobdesk :Melakukan konsultasi, memberikan resep dan melakukan tindakan estetika.
Jobspec :Laki-laki/perempuan maksimal 35 tahunMemiliki STR Dokter/SpKK/SpDV yang aktifMemiliki sertifikat estetika menjadi nilai plusKomunikatif, jujur, dan telitiBerpenampilan menarik","Alamat kantorJl. Batununggal Indah Raya, No. 396, Kel. Batununggal, Kec. Bandung Kidul, Kota Bandung, Jawa Barat"
"1726205499-71","https://glints.com/id/opportunities/jobs/explore?keyword=dokter&country=ID&locationName=All+Cities%2FProvinces&lowestLocationLevel=1&page=1","","https://glints.com/id/opportunities/jobs/dokter/6fb6d7b6-66f7-4e78-b96e-5d829d044341?utm_referrer=explore&traceInfo=f741a69ee15b277866c8595e1226ab1b","Dokter","Madeena Skin Clinic Yogyakarta","Penuh Waktu · Kerja di kantor","PersyaratanKerja di kantor1 - 3 tahun pengalamanMinimal Sarjana (S1)","SkillsCommunication SkillsNursing","- Minimal S1 Kedokteran- Fresh Graduate - Memiliki keinginan di dunia aesthethic","Alamat kantorMBI Tower, Jl. Duren Sawit Raya (dermaga) No.15 Blok K3, Klender, Kec. Duren Sawit, Kota Jakarta Timur, Daerah Khusus Ibukota Jakarta"
"1726205501-72","https://glints.com/id/opportunities/jobs/explore?keyword=dokter&country=ID&locationName=All+Cities%2FProvinces&lowestLocationLevel=1&page=1","","https://glints.com/id/opportunities/jobs/dokter/a796d3be-8b6d-458e-aa6f-8b648ae70683?utm_referrer=explore&traceInfo=f741a69ee15b277866c8595e1226ab1b","Dokter","Madeena Skin Clinic Yogyakarta","Penuh Waktu · Kerja di kantor","PersyaratanKerja di kantor1 - 3 tahun pengalamanMinimal Sarjana (S1)","SkillsCommunity BuildingCommunicativeCommunity Engagement","- Minimal S1 Kedokteran- Fresh Graduate - Memiliki keinginan di dunia aesthethic","Alamat kantorMBI Tower, Jl. Duren Sawit Raya (dermaga) No.15 Blok K3, Klender, Kec. Duren Sawit, Kota Jakarta Timur, Daerah Khusus Ibukota Jakarta"
"1726205504-73","https://glints.com/id/opportunities/jobs/explore?keyword=dokter&country=ID&locationName=All+Cities%2FProvinces&lowestLocationLevel=1&page=1","","https://glints.com/id/opportunities/jobs/dermatologist-dokter-estetika-aesthetic-doctor/a89d3242-3b5d-4e8b-b8b1-3ca083d3077a?utm_referrer=explore&traceInfo=f741a69ee15b277866c8595e1226ab1b","Dermatologist (Dokter Estetika / Aesthetic Doctor)","PT Medicos Globe Bersama","Penuh Waktu · Kerja di kantor","PersyaratanKerja di kantor3 - 5 tahun pengalamanMinimal Sarjana (S1)","SkillsDokter Kulit","Deskripsi PekerjaanMenerima konsultasi pasienMemberikan treatment sesuai dengan kondisi & kebutuhan pasienMelakukan treatment kepada pasien sesuai SOP klinikMembuat medical record terhadap seluruh pasien yang ditangani
PersyaratanUsia Maksimal 40 tahunLulusan profesi kedokteran spesialis kulitMemiliki Pengalaman di dunia estetikaMemiliki SpKK, STR aktif, dan SIPBersedia bekerja saat weekendBerpenampilan menarikBertanggung jawab, jujur, disiplin, dan tepat waktuLokasi penempatan di Kemang, Jakarta Selatan","Alamat kantorJl. Taman Kemang No.27, RT.13/RW.1, Bangka, Kec. Mampang Prpt., Kota Jakarta Selatan, Daerah Khusus Ibukota Jakarta 12730"
"1726205507-74","https://glints.com/id/opportunities/jobs/explore?keyword=dokter&country=ID&locationName=All+Cities%2FProvinces&lowestLocationLevel=1&page=1","","https://glints.com/id/opportunities/jobs/dokter/07ca97ae-5744-45e9-b4c9-d69dd34d338f?utm_referrer=explore&traceInfo=f741a69ee15b277866c8595e1226ab1b","Dokter","MPS MAJENANG","Kontrak · Kerja di kantor","PersyaratanKerja di kantorPengalaman kurang dari 1 tahunMinimal Sarjana (S1)25-27 tahunPerempuan saja","SkillsCommunication SkillsAdvanced Cardiovascular Life Support (ACLS)Teamwork","- Merupakan Profesi Dokter Umum- Wanita- Minimal usia 25 tahun dan maksimal 27 tahun- Memiliki SIP dan STR aktif- Bersedia untuk bekerja secara fulltime di In house klinik perusahaan- Bersedia ditempatkan di Majenang","Alamat kantor Jl. Raya Cilopadang, Majenang, Cilacap atau maps https://maps.app.goo.gl/mYb4CUPbe7uZZTsW8"
"1726205510-75","https://glints.com/id/opportunities/jobs/explore?keyword=dokter&country=ID&locationName=All+Cities%2FProvinces&lowestLocationLevel=1&page=1","","https://glints.com/id/opportunities/jobs/dokter/a7e2156c-36b0-40a1-a80f-2c9071aecd9d?utm_referrer=explore&traceInfo=f741a69ee15b277866c8595e1226ab1b","Dokter","Belova Skin & Beauty Center","Penuh Waktu · Kerja di kantor","PersyaratanKerja di kantorMinimal Sarjana (S1)24-38 tahunPerempuan saja","SkillsKulitDokter EstetikaTerampilDokter KecantikanJujurBotoxBertanggung JawabTarik BenangKomunikatifDentistTerapisRamahTeliti","– Bertanggung jawab terhadap pasien dan tempat praktek. – Melakukan tindakan medis estetika sesuai dengan SOP Belova Skin Laser & Aesthetic.– Memberikan konsultasi perawatan estetika dengan baik dan tepat.– Melakukan tindakan medis sesuai dengan kebutuhan pasien.– Memberikan pelayanan terbaik untuk pasien.– Bertanggung jawab atas data status pasien.","Alamat kantorJl. Melon Raya No.29, Karangasem, Kec. Laweyan, Kota Surakarta, Jawa Tengah 57145"
"1726205513-76","https://glints.com/id/opportunities/jobs/explore?keyword=dokter&country=ID&locationName=All+Cities%2FProvinces&lowestLocationLevel=1&page=1","","https://glints.com/id/opportunities/jobs/dokter/6f9e5b74-1214-4159-8716-b3c1d8c0ac5c?utm_referrer=explore&traceInfo=f741a69ee15b277866c8595e1226ab1b","DOKTER","Jagoan Khitan","Penuh Waktu · Kerja di kantor","PersyaratanKerja di kantor1 - 3 tahun pengalamanMinimal Sarjana (S1)23-38 tahun","SkillsTeamwork","Kualifikasi :MuslimUsia maksimal 38 tahunTertarik dibidang khitan dan menyukai tindakan bedah minor + profesional, respect dan bertanggung jawabSenang belajar dan berinovasiSudah pernah mengikuti pelatihan khitan lebih diutamakan","Alamat kantorJl. DR. Sudarsono No.39, Kesambi, Kec. Kesambi, Kota Cirebon, Jawa Barat 45134"
"1726205516-77","https://glints.com/id/opportunities/jobs/explore?keyword=dokter&country=ID&locationName=All+Cities%2FProvinces&lowestLocationLevel=1&page=1","","https://glints.com/id/opportunities/jobs/dokter/a11adf32-ca93-4195-a4cd-071c93e96850?utm_referrer=explore&traceInfo=f741a69ee15b277866c8595e1226ab1b","Dokter","klinik pratama rawat inap lindra husada","Penuh Waktu · Kerja di kantor","PersyaratanKerja di kantor1 - 3 tahun pengalamanMinimal Sarjana (S1)25-40 tahun","SkillsBisa Berkomunikasi Dengan BaikStr AktiefSudah Lulus Profesi Kedokteran","memeriksa dan mengobati pasien yg periksa ke klinik","Alamat kantorjln raya star safira A1 no 43 Suko sukodono sidoarjo"
"1726205518-78","https://glints.com/id/opportunities/jobs/explore?keyword=dokter&country=ID&locationName=All+Cities%2FProvinces&lowestLocationLevel=1&page=1","","https://glints.com/id/opportunities/jobs/dokter/1e62ef0e-fae0-4c03-bf72-661091dbaa63?utm_referrer=explore&traceInfo=f741a69ee15b277866c8595e1226ab1b","Dokter","CMI Hospital Bandung","Penuh Waktu · Kerja di kantor","PersyaratanKerja di kantorPengalaman kurang dari 1 tahunMinimal Sarjana (S1)","SkillsTeamworkMicrosoft WordMicrosoft Office","KUALIFIKASI UMUM:﻿﻿Pria / wanita﻿﻿S1 Kedokteran﻿﻿Memiliki sertifikat sesai dengan kualifikasi dan kompetensinya﻿﻿Berpengalaman di bidang yang dibutuhkan﻿﻿Jujur dan bertanggung jawab﻿﻿mampu berkomunikasi dengan baik﻿﻿Dapat bekerja dengan tim",""
"1726205521-79","https://glints.com/id/opportunities/jobs/explore?keyword=dokter&country=ID&locationName=All+Cities%2FProvinces&lowestLocationLevel=1&page=1","","https://glints.com/id/opportunities/jobs/dokter/40c62005-722e-444a-844b-12748c30bc08?utm_referrer=explore&traceInfo=f741a69ee15b277866c8595e1226ab1b","Dokter","Haskaka Aesthetic Clinic","Penuh Waktu · Kerja di kantor","PersyaratanKerja di kantor1 - 3 tahun pengalamanMinimal Sarjana (S1)","SkillsStr Aktif","* Wanita* Usia maksimal 35 tahun* Pendidikan profesi dokter* Memiliki STR Aktif* Berpenampilan menarik, ramah, & komunikatif* Sudah memiliki sertifikasi di bidang estetika* Di utamakan yang sudah berpengalaman & menguasai skill estetik","Alamat kantorJl. Pademangan IV Jl. Pademangan IV Gg. 31 No.34, RT.10/RW.1, Pademangan Tim., Kec. Pademangan, Jkt Utara, Daerah Khusus Ibukota Jakarta 11410"
"1726205524-80","https://glints.com/id/opportunities/jobs/explore?keyword=dokter&country=ID&locationName=All+Cities%2FProvinces&lowestLocationLevel=1&page=1","","https://glints.com/id/opportunities/jobs/dokter/5a7f6eb7-9326-46e7-b5d8-dc98ee8da965?utm_referrer=explore&traceInfo=f741a69ee15b277866c8595e1226ab1b","Dokter","Dream Dermis Klinik Estetika","Penuh Waktu · Kerja di kantor","PersyaratanKerja di kantor1 - 3 tahun pengalamanMinimal Sarjana (S1)25-35 tahunPerempuan saja","SkillsCustomer ServiceTeamwork","PERSYARATAN:
Usia maksimal 35 thnPendidikan minimal S1 kedokteranMemiliki STR dan SIP aktif dan masih berlakuJujur, loyal dan bertanggung jawabBerpengalaman di klinik estetika minimal 2 thnDapat bekerja secara team work
JOB DESC:
Praktek sebagai dokter konsultasi estetika secara profesional Bisa mendiagnosa dan memberikan informasi treatment/product sesuai dengan medical record pasienBersikap dan bertutur kata yang ramah dan sopan kepada pasien
LOKASI: BSD & Citra Raya Cikupa (Optional)","Alamat kantorRuko Provence Suites A1 no.22 BSD City Tangerang"
"1726205529-81","https://glints.com/id/opportunities/jobs/explore?keyword=dokter&country=ID&locationName=All+Cities%2FProvinces&lowestLocationLevel=1&page=1","","https://glints.com/id/opportunities/jobs/dokter/808c5007-07fd-4664-8bfa-f360773c6f73?utm_referrer=explore&traceInfo=f741a69ee15b277866c8595e1226ab1b","Dokter","BEYZ Aesthetic","Penuh Waktu · Kerja di kantor","PersyaratanKerja di kantorPengalaman kurang dari 1 tahunMinimal Sarjana (S1)","SkillsStrong Communication Skills","Gaji akan di infokan saat proses rekrutmen.
Qualification* Wanita* Usia maksimal 35 tahun* Minimal Pendidikan Sl Kedokteran Profesi Dokter* Memiliki STR Yang Berlaku Minimal 1 Tahun* Pengalaman Di bidang Klinik Kecantikan Lebih Diutamakan* Fresh Graduate Silahkan Melamar* Berpenampilan rapi, sopan dan komunikatif.* Berorientasi kepada pelayanan* Penempatan Gading Serpong","Alamat kantorJalan Mercedez Benz, Kabupaten Bogor, Jawa Barat, Indonesia"
"1726205532-82","https://glints.com/id/opportunities/jobs/explore?keyword=dokter&country=ID&locationName=All+Cities%2FProvinces&lowestLocationLevel=1&page=1","","https://glints.com/id/opportunities/jobs/dokter/e103f459-dcea-497b-bf43-639c377c3cc1?utm_referrer=explore&traceInfo=f741a69ee15b277866c8595e1226ab1b","DOKTER","SZAN CLINIC","Penuh Waktu · Kerja di kantor","PersyaratanKerja di kantorPengalaman kurang dari 1 tahunMinimal Sarjana (S1)","SkillsPositive AttitudeCommunication SkillsCommunity Engagement","Klinik Kecantikan kami sedang membuka kesempatan bagi dokter yang ingin bergabung bersama kami dengan persyaratan sebagai berikut:Sudah Memiliki STR (Bukan STR Sementara)Fresh Graduate WelcomeBersedia Di Kontrak 2-3 TahunTidak Berencana PTT Masuk Spesialis Dalam Waktu DekatBersedia Praktek Full Time dan Memiliki SIP di SZAN ClinicMampu Berkomunikasi Aktif & RamahBerpenampilan MenarikMemiliki Motivasi Kerja Tinggi","Alamat kantorGandaria, Jl. Sultan Iskandar Muda No.99H, RT.7/RW.4, Kby. Lama Utara, Kec. Kby. Lama, Kota Jakarta Selatan, Daerah Khusus Ibukota Jakarta 12240"
"1726205535-83","https://glints.com/id/opportunities/jobs/explore?keyword=dokter&country=ID&locationName=All+Cities%2FProvinces&lowestLocationLevel=1&page=1","","https://glints.com/id/opportunities/jobs/dokter/e0979be7-f0eb-4770-b251-0d45685a512a?utm_referrer=explore&traceInfo=f741a69ee15b277866c8595e1226ab1b","Dokter","Praktek Dokter Mandiri Mojokerto","Penuh Waktu · Kerja di kantor","PersyaratanKerja di kantorPengalaman kurang dari 1 tahunMinimal Sarjana (S1)","SkillsResponsibleTeamworkCommunicative","Bersedia membuat SIPKomunikatifTerampilDapat bekerja dalam TimRamahBertanggung jawab","Alamat kantorNgoro, Kabupaten Mojokerto"
"1726205538-84","https://glints.com/id/opportunities/jobs/explore?keyword=dokter&country=ID&locationName=All+Cities%2FProvinces&lowestLocationLevel=1&page=1","","https://glints.com/id/opportunities/jobs/dokter/a0b3eee9-ef3c-4eb6-9245-b0a4af185e1b?utm_referrer=explore&traceInfo=f741a69ee15b277866c8595e1226ab1b","dokter","Hayfa Skin","Penuh Waktu · Kerja di kantor","PersyaratanKerja di kantorPengalaman kurang dari 1 tahunMinimal Sarjana (S1)20-35 tahunPerempuan saja","SkillsNegotiation SkillsCommunicative","Kualifikasi :Wanita Usia max. 35 tahunDiutamakan fresh graduate (berpengalaman silahkan melamar)Mempunyai STRSiap bekerja dengan timMempunyai ketertarikan dengan dunia SkincareKomunikatif, Negosiatif, Interaktif, dan ProfesionalPenempatan : - Hayfa Cabang Tegal                                - Hayfa Cabang Slawi","Alamat kantorJl. Tlogosari Raya 1 No.73-74, Muktiharjo Kidul, Kec. Pedurungan, Kota Semarang, Jawa Tengah 50197"
"1726205541-85","https://glints.com/id/opportunities/jobs/explore?keyword=dokter&country=ID&locationName=All+Cities%2FProvinces&lowestLocationLevel=1&page=1","","https://glints.com/id/opportunities/jobs/dokter/112cc70f-4385-48ff-9690-f00ae16118ff?utm_referrer=explore&traceInfo=f741a69ee15b277866c8595e1226ab1b","Dokter","Vestata Clinic","Penuh Waktu · Kerja di kantor","PersyaratanKerja di kantorPengalaman kurang dari 1 tahunMinimal Sarjana (S1)","SkillsMicrosoft Office","Usia max 35 thLulusan S1 Profesi dokter umumMempunyai pengalaman min 1 tahun Memiliki STR dan bersedia mengurus SIP (Surat ijin praktek)Bersedia bekerja full timeJujur teliti dan pandai bersosialisasiPenempatan di bali","Alamat kantorJl Raya Puputan Blok D, Denpasar Selatan"
"1726205549-86","https://glints.com/id/opportunities/jobs/explore?keyword=dokter&country=ID&locationName=All+Cities%2FProvinces&lowestLocationLevel=1&page=1","","https://glints.com/id/opportunities/jobs/dokter/98f99ef7-7652-44af-91a3-e10f2fdd4930?utm_referrer=explore&traceInfo=f741a69ee15b277866c8595e1226ab1b","Dokter","Unicare Clinic Bali","Penuh Waktu · Kerja di kantor","PersyaratanKerja di kantorMinimal Sarjana (S1)21-34 tahun","SkillsTime ManagementDisciplineTeamwork","Kualifikasi:1. Pria/wanita usia max. 35 tahun2. Memiliki STR3. Mampu bekerjasa dalam tim4. Bersedia bekerja shift5. Memiliki motivasi kerja yang tinggi6. Disiplin waktu7. Berpenampilan menarik8. Jujur dan bertanggung jawab9. Mampu berbahasa inggris menjadi nilai plus","Alamat kantorJalan Raya Uluwatu No. 88 Banjar Bakung Sari, Desa Pecatu, Kecamatan Kuta Selatan,Badung Bali 80361"
"1726205552-87","https://glints.com/id/opportunities/jobs/explore?keyword=dokter&country=ID&locationName=All+Cities%2FProvinces&lowestLocationLevel=1&page=1","","https://glints.com/id/opportunities/jobs/dokter/53efe5f2-4c91-4bb7-af0c-76efb55aabaa?utm_referrer=explore&traceInfo=f741a69ee15b277866c8595e1226ab1b","Dokter","PT. Donlim Technology Indonesia","Penuh Waktu · Kerja di kantor","PersyaratanKerja di kantor1 - 3 tahun pengalamanMinimal Sarjana (S1)","SkillsMedical DevicesCommunicativeTeamwork","pria/wanitagood personalitylatar belakang pendidikan profesi kedokteranMinimal pengalaman 1 tahun (dalam pengelolaan MCU menjadi nilai tambah)Memiliki STR (surat tanda registrasi) yang aktifberbicara bahasa inggris dan mandarin menjadi nilai plus","Alamat kantorJatengland Industrial Park Sayung Blok F No. 1, Batu, Karangtengah, Demak Regency, Central Java"
"1726205555-88","https://glints.com/id/opportunities/jobs/explore?keyword=dokter&country=ID&locationName=All+Cities%2FProvinces&lowestLocationLevel=1&page=1","","https://glints.com/id/opportunities/jobs/dokter-estetika/598b693a-4183-48aa-ab3d-149c777c267d?utm_referrer=explore&traceInfo=f741a69ee15b277866c8595e1226ab1b","Dokter Estetika","Primavita Clinic","Penuh Waktu · Kerja di kantor","PersyaratanKerja di kantor1 - 3 tahun pengalamanMinimal Sarjana (S1)","SkillsTeamworkTelitiTarget Oriented","Pria/WanitaDokter kecantikan/UmumMemiliki STR aktifBerpengalaman praktek minimal 2 tahun di klinik kecantikanBersedia mengurus SIPBerpenampilan menarik, ramah dan berorientasi  pada pelangganBersedia ditempatkan di PIK","Alamat kantor1, Jl. Tebet Timur Dalam Raya No.33A, RT.1/RW.11, Tebet Tim., Kec. Tebet, Kota Jakarta Selatan, Daerah Khusus Ibukota Jakarta 12820"
"1726205558-89","https://glints.com/id/opportunities/jobs/explore?keyword=dokter&country=ID&locationName=All+Cities%2FProvinces&lowestLocationLevel=1&page=1","","https://glints.com/id/opportunities/jobs/dokter-kecantikan-aesthetic-doctor-dokter-estetika/28352c0b-104a-4cae-be70-82b76343b8e3?utm_referrer=explore&traceInfo=f741a69ee15b277866c8595e1226ab1b","Dokter Kecantikan / Aesthetic doctor / dokter estetika","DC Beauty Clinic","Penuh Waktu · Kerja di kantor","PersyaratanKerja di kantorPengalaman kurang dari 1 tahunMinimal Sarjana (S1)Perempuan saja","SkillsTeamworkMedical DevicesHealthcare","DC Beauty Clinic merupakan klinik estetika yang menyediakan berbagai perawatan wajah, kulit serta tubuh seperti facial, mesotherapy, filler, botox, thread lift, HIFU, dan lain-lain.Kami membuka lowongan untuk dokter umum/kecantikan yang tertarik di bidang estetika untuk bergabung bersama kami. Penempatan: JAKARTA UTARA, PLUITTanggung Jawab Pekerjaan :Memberikan konsultasi kepada pasienMelakukan tindakan medis kepada pasien sesuai dengan SOP klinikMembuat Medical Record terhadap seluruh pasien yang ditanganiBertanggung jawab dan memastikan kelancaran operasional klinik sehari-hariKeahlian :Menguasai tindakan estetika medis seperti botox, filer, tanam benang, laser, injection, infusion, dan lain-lainKualifikasi :1. Pria / Wanita usia max. 29 tahun, berdomisili di Jakarta2. Pendidikan min. S1 Kedokteran3. Memiliki Ijazah, STR aktif, dan merupakan Anggota IDI4. Memiliki sertifikat pelatihan estetika5. Berpenampilan menarik dan mampu berkomunikasi dengan baik6. Memiliki sertifikat kursus/pelatihan di bidang estetika","Alamat kantorPluit Village Mall Lt.1 No: 17-18, RT.9/RW.4, Pluit, Kec. Penjaringan, Jkt Utara, Daerah Khusus Ibukota Jakarta 14450"
"1726205561-90","https://glints.com/id/opportunities/jobs/explore?keyword=dokter&country=ID&locationName=All+Cities%2FProvinces&lowestLocationLevel=1&page=1","","https://glints.com/id/opportunities/jobs/dokter-estetika-dokter-kecantikan-doctor/f3475cda-fd86-4df0-8455-f07af2bc0f8e?utm_referrer=explore&traceInfo=f741a69ee15b277866c8595e1226ab1b","Dokter Estetika / Dokter Kecantikan / Doctor","Revital Clinic","Penuh Waktu · Kerja di kantor","PersyaratanKerja di kantor1 - 3 tahun pengalamanMinimal Sarjana (S1)","SkillsTeamworkAttention to DetailPositive Attitude","Deskripsi Pekerjaan :Berkonsultasi dengan klien dan mengatasi keluhan klien tersebutMelakukan tindakan/periksa dokter.Memberikan resep obat.Memonitor tindakan perawat.Menjalin hubungan yang baik dengan klien.Persyaratan :Memiliki pengalaman kerja minimal 1 tahun, namun lulusan baru diundang juga untuk melamar.Memiliki Surat Tanda Registrasi (STR) Dokter / yang masih aktif dan berlaku.Memahami dan mengerti dengan baik norma kesehatan dan keselamatan kerja.Penampilan rapi, berkomunikasi dengan baik, jelas, ramah dan memberikan pesan yang persuasif.Bersedia untuk ditempatkan di wilayah operasional perusahaan (Bandung).Memiliki kemampuan komunikasi yang baik.","Alamat kantorJl. Rajawali barat no 7b Bandung"
