web-scraper-order,web-scraper-start-url,Link,Link-href,Job_Title,Location,when,work_place_and_other,Requirement,Skill
"1726207234-1","https://www.linkedin.com/jobs/search/?currentJobId=3984543090&geoId=102478259&keywords=Mechanical&origin=JOB_SEARCH_PAGE_SEARCH_BUTTON&refresh=true","Mechanic Heavy Equipment – FieldMechanic Heavy Equipment – Field","https://www.linkedin.com/jobs/view/3977667945/?eBP=CwEAAAGR6d_yyxYlQbvYdXXCcFIgSpJJ4Lhe16-A5shlKPfgWdSVP9ZBw_XF0Z6S8tK8GHAyOrzxF_SoCB0OjeJ9W1ribmMmUZl0uRHhMocNmtsM-IISecoG-4Px0cbteHJrQDnxsXaaAONLTDFyEV5PWG-sNuDmh0EEcQvrRv5FseG6p6OcZzWSLKTZQIPYlCgYOL-xLFnNxV9eXYKDfrypmEnrSHj-Rcat9VaJunYdbJZ4tnZZpQTbIjpR1yp6-9iC_or5dAoHzIP05twGJrwyOsJjh-0rp008IqupOh2j1EFHsSNLgMnM2Un5A_HyttRWj40TAgTsSi8D7S-xNcdLkubpoY1EPcY_f7gRSToeC1KknZbUt7dh8nBMe5IUkIl_JIwxZn8zi6nLMSmVW37_PejCFfteH0tSa1oyH5-D5v1jv9l9sXXOlcYdYVrVVmLvKUqgPoPe0fkkQ3A0B0pvqN0&refId=OqJTEcCTYcb7%2BjDC6svARg%3D%3D&trackingId=G4tdXFjLFb4G7oTWA88sXw%3D%3D&trk=flagship3_search_srp_jobs","Mechanic Heavy Equipment – Field","Jakarta, Jakarta, Indonesia","1 month ago","On-site
                              

                              
                                Full-time
                              

                              
                                Entry level","",""
"1726207275-2","https://www.linkedin.com/jobs/search/?currentJobId=3984543090&geoId=102478259&keywords=Mechanical&origin=JOB_SEARCH_PAGE_SEARCH_BUTTON&refresh=true","Mechanic Tyre / Tyre ManMechanic Tyre / Tyre Man","https://www.linkedin.com/jobs/view/3977672444/?eBP=CwEAAAGR6d_yy3yFLHz0hqHuh3n8lbexaGn6UyteH91T7lpFwnt6LV68jpdUfkwyhIU_c4V_S8e_wiCZvrDxQzhwW9kV17M-8uXsrSAhrL_epLfosisZDsflwgIcIRSoRaQbtVmVhZOuz5QSFWuZFez4d1-DNBTMtqMmgmtouhg1pxKIZCmiMJpqBQUAmv7sjHa9KrsyE_VDapCmLxZa6_3w6TqHrN7Ov3U0PdgyDekhQrqIIknJV-xIVK5u7u23hp9gxHS9Tpf1cAMM7-kJxj8uzkoEknJ2sEY9DCvA5n4lgZWhJ-Dj_Jx3XXVTufysmWY-z4exLH5XG-Q5NOYDYQMclAe7Lv_cRJSs2ozQqXf1f1xxhHOfJrbOiiZ-dqDDJmm3Mh1_fjKpXIqco20jkYj4Ali2B4SGxvyUEDJzBLw_wmku0X7X3mlb0KD17Rl1dDm_QM9Qda9YjQnYKo8qfHwzHbw&refId=OqJTEcCTYcb7%2BjDC6svARg%3D%3D&trackingId=pKVlfyvb4oqYF4ozYxLuoQ%3D%3D&trk=flagship3_search_srp_jobs","Mechanic Tyre / Tyre Man","Jakarta, Jakarta, Indonesia","1 month ago","On-site
                              

                              
                                Full-time
                              

                              
                                Entry level","",""
"1726207318-3","https://www.linkedin.com/jobs/search/?currentJobId=3984543090&geoId=102478259&keywords=Mechanical&origin=JOB_SEARCH_PAGE_SEARCH_BUTTON&refresh=true","Mechanic InspectMechanic Inspect","https://www.linkedin.com/jobs/view/3977668802/?eBP=CwEAAAGR6d_yy9xlhNH1R5lPOKRtyq2g8MKTKkD27QrBUZgt-r73WH49WroNthPb5jNaaW8F8NDTHiiq4236RAgSwrCbDKrAJto6-ysgJ9fXHt6ZhXxATOx908sVKbK2HpDAXRv1RaC3XNfQX8VTSe_xW4inlgINx9xBlGyHVwTOe18gZglyluQi9_Olwih-dGNzqkwW0Dzct7JNADDTZdIfwewa6ftQ-OQ1HpI0ApubJKxTiTMbf-tdy_9GfLqgfTXQQVz2AN4H-JPv-7CscM37X3g2UIbqHnC0d9qn04e3yQ6xJYplIsvhxKozLD9y-710IzUcywhUbZJC57gQyMNbRxfjhGqUfQmxmMdf8n_rUUTaYlmF5oLTCXCi1jUdNdctYCLUCYYn8JwwJ9ujjd3rJj5ZOxJeJIh2_3Rj8FMHF28bUbpVhv3r8j6XAVal-95nCXxdyzOlG5ZCqw5gMEppS4k&refId=OqJTEcCTYcb7%2BjDC6svARg%3D%3D&trackingId=vNvVFrV1C9JlL4uRa1%2BXFA%3D%3D&trk=flagship3_search_srp_jobs","Mechanic Inspect","Jakarta, Jakarta, Indonesia","1 month ago","On-site
                              

                              
                                Full-time
                              

                              
                                Entry level","",""
"1726207359-4","https://www.linkedin.com/jobs/search/?currentJobId=3984543090&geoId=102478259&keywords=Mechanical&origin=JOB_SEARCH_PAGE_SEARCH_BUTTON&refresh=true","Mechanic ServiceMechanic Service","https://www.linkedin.com/jobs/view/3977670562/?eBP=CwEAAAGR6d_yy9YRtnyq3FdD-iVnZD5z0z0LWiAwGO6mHZy04DsT7OtK3ssrEF0unG2Xtz9rxZqM1BwExERShNKgcyU_EGfICzZbULCxyZ28lSFr8mnPH-1SKoTxcKeNV_rGZIDaJftVQAWn3otAFVglJkBNAKOMsuEnVm75F9P9HnY-w9PbEeqNPrTgwDTGezpEvB9NQqjpGYIksteXymkUDtsiG2F2Pje_lugPtEtYqdmF6zltM4Ax0JoglcPft6RPb3ER08rPmtluRUtuLRrHFC1yeFmRUIsK-ZFMIfuxLfHHcCvFE2RmKYOdQaWEFV9BOx4PmmCPpIUN_PTITGUULAloSOmd5vLqTpoCgEyULcMbjHGr9hk3fenAc-0nR8odJVED1jcb17YHxVnzDkCeLDSLcm2y7VIuRGZd2E4Dmq86XD7aHiJYFu6WVycc7AX8HMB7MNFQRDT54nBAVwap&refId=OqJTEcCTYcb7%2BjDC6svARg%3D%3D&trackingId=ZAPnMKqU%2Bh54iFtOJkn%2B0g%3D%3D&trk=flagship3_search_srp_jobs","Mechanic Service","Jakarta, Jakarta, Indonesia","1 month ago","On-site
                              

                              
                                Full-time
                              

                              
                                Entry level","",""
"1726207400-5","https://www.linkedin.com/jobs/search/?currentJobId=3984543090&geoId=102478259&keywords=Mechanical&origin=JOB_SEARCH_PAGE_SEARCH_BUTTON&refresh=true","Mechanic Trainee (ADT)Mechanic Trainee (ADT)","https://www.linkedin.com/jobs/view/3977671419/?eBP=CwEAAAGR6d_yy_L-Qv-PVpvP4H-aWakxtV3QnaA5llvUEHonQDg80o_Tj6Rvu7gqUkZuTyC-K3rKdn8k1XPWaHgOrdMXzEuMyLSaQIztfTSeH9y415Qv0j_sXQhKsweI7LRPSRuRqINnxP1KWYl3iw1avPHYeITEQ2mivaBoDuDvVZNMz9PR59gLENdyNFaqPq-zSR8sLvwWsbKbel53T60O07beadEOEFXQs7VdOrmzuylyKWPpDg71PqJFO4K3FqAgKm3DPMooHaBieRDCOH7SEnwBYyn8kD2wnPksRIaQ3rRb5qH25WZmad5wRNTPq_kCIQWkKdYGtT3t2M6-ovBVL990HsUz7yp1vg95UnKwfmVc4ipKCmwVSKYpd2uzcSfR1iuMftRdctmvxahCAZeTe8gr01QmW_jb4ElI4M-UxVYWwOdPu_Hnp-J1yNSv8jBEqZ9D0MohRDxw&refId=OqJTEcCTYcb7%2BjDC6svARg%3D%3D&trackingId=PxQm1wTI36YfJqGcCyF6Ug%3D%3D&trk=flagship3_search_srp_jobs","Mechanic Trainee (ADT)","Jakarta, Jakarta, Indonesia","1 month ago","On-site
                              

                              
                                Full-time
                              

                              
                                Internship","",""
"1726207440-6","https://www.linkedin.com/jobs/search/?currentJobId=3984543090&geoId=102478259&keywords=Mechanical&origin=JOB_SEARCH_PAGE_SEARCH_BUTTON&refresh=true","MEKANIK MOBIL AREA DENPASAR - BALIMEKANIK MOBIL AREA DENPASAR - BALI","https://www.linkedin.com/jobs/view/4022213696/?eBP=CwEAAAGR6d_yy_2QYL67LAnab2s7zsQjmdLlWdta8rIoxhXpdyBGYYAuPwq7TioR9LQ-Byx3rfxeZS7I3-439YYbtDEDraZSQPo3gsSRdeSe4bc1N6jOTx_mSjUFQvvN6LBtf0aCUTyBxpKWfi_MLV-XqZsxGI8QJgHukW5fNcHZccqnIuAkfQmTzS0A5YuoF2REwQrnxe5LvwXie9B8Y-5eqFM6TeGNmqBfYDeMY4nzHhaXEq2rKuWoEym0einp0rJNB2-1AdphXT7saY9ro8EWs2OHcrTKn1tKg6NLLjg4iJNqhyL90kE89QoI76TjssF_WmoBkuKWG4zbeWA2wfuB1_Iva3TOF3i0I4BRai5ewRE_JYBMXJCU71dQDbz6A3bCeIZbReuooCxE8ePmL1evwlfLdcO58Ag9lR4KaalshnGIveS2nA39x0sQFFsMOXSEwB7ZEARVj2EnlvadYaYm&refId=OqJTEcCTYcb7%2BjDC6svARg%3D%3D&trackingId=CEIzy3yEKlIYDFWo2LmVJQ%3D%3D&trk=flagship3_search_srp_jobs","MEKANIK MOBIL AREA DENPASAR - BALI","Denpasar, Bali, Indonesia","1 day ago","On-site
                              

                              
                                Full-time
                              

                              
                                Entry level","MENYIAPKAN MOBIL UNTUK DI RENTAL MELAKUKAN PERBAIKAN/MEMERIKSA KEADAAN MOBIL MEMBERSIKAN SELURUH BODI MOBIL PERAWATAN MOBIL",""
"1726207482-7","https://www.linkedin.com/jobs/search/?currentJobId=3984543090&geoId=102478259&keywords=Mechanical&origin=JOB_SEARCH_PAGE_SEARCH_BUTTON&refresh=true","MEKANIK MOBIL AREA DENPASAR - BALIMEKANIK MOBIL AREA DENPASAR - BALI","https://www.linkedin.com/jobs/view/4022214662/?eBP=CwEAAAGR6d_yygOWuXu-InfB8qxEudlzhcu746aJKuctPwCmc1-KkFJn41Ogu5zu7McnSKM1GC0p-MfxQTTI4ZayrKBz6mM_Aa3b0WDLT4G-wjAxXT0tn_0wFWM5lZfsFC3eAd1SC-QTLBgu_Z1oRCIRVndLqv-6Swzqf38Fv55ad_cVMAbYcYYmFuYXNlxZ_mnzKvkLiZEqBAycGt2zENaVDhuPJt6bxKrQemylfp9H7t3y7Dl2T4AVJYyxM9EoGZkIclouRkXdm8nXlSagbU_HARERvbJdx4Qayk08tgJz1QCy6LvTsE7XK3gcvrAlR_mSTj5EEUNwE2HJJ5Ji8iDzUuJ5fhEwteS_-7gTFeyr98BPv2YA0pYPnDcXGzwv8kYk5qTK9zd48YjEuXgTq2LjScsV-YWQpOxPu1Fog-_K4DSjQZENEWEYkAwjHe-1fWn3z5vbi2JO_C4-otl8mQNC&refId=OqJTEcCTYcb7%2BjDC6svARg%3D%3D&trackingId=53X9cigAfp7jehMGLdRpKQ%3D%3D&trk=flagship3_search_srp_jobs","MEKANIK MOBIL AREA DENPASAR - BALI","Denpasar, Bali, Indonesia","1 day ago","On-site
                              

                              
                                Full-time
                              

                              
                                Entry level","MENYIAPKAN MOBIL UNTUK DI RENTAL MELAKUKAN PERBAIKAN/MEMERIKSA KEADAAN MOBIL MEMBERSIKAN SELURUH BODI MOBIL PERAWATAN MOBIL",""
"1726207561-8","https://www.linkedin.com/jobs/search/?currentJobId=3984543090&geoId=102478259&keywords=Mechanical&origin=JOB_SEARCH_PAGE_SEARCH_BUTTON&refresh=true","Welder StaffWelder Staff","https://www.linkedin.com/jobs/view/3988906587/?eBP=CwEAAAGR6d5gdafU4PG6y4NlNEhfEplXHUyuOL3qYvy06vG-X8t6Kt2sHNRVqv7kT18TYWbsHGIPBi24ZWv5lJmdLK6DX0OPPMqJfB6vyI78kawZ5obGp3d-GJOI88O3vQiwR-m38nlvkb6SWy98JDcx9OIbCdYcYKe25rDKOrMmdvN_caX7pypqfOvricGfhqOdMxBlLS4ZPCZOw97EjlitnwS3ll8WiSt5C6T_f-UIHwQxkImyIJf2OjaFnbkGnI238_vaq3gR04vITqOTCCWkxUmt4iEw6-2b2L6bcKgFuDIhFPUa_1ncOTJ4FqW8s0SZkUa3mYDSmGc7vHeWjz8NM32WygOC3VL7f41hfDuCNyMbRAbrUh0pk0qZ3WmBTZ00epGmC_fvKQS3xNrq8w4QbeYcpU4RBU5Lgps6-RGVYj_OX7LKVNTn6LxXLZvnnPG26-IxYcndFmP1vMFS9JP3R2zDo1NlMX8i2qUidjgvQqrOBn8qTkI&refId=ws%2BdZiy8BZCb3FEoH5a7pw%3D%3D&trackingId=QmaaurnjQ0HizelMuTke9Q%3D%3D&trk=flagship3_search_srp_jobs","Welder Staff","Bogor, West Java, Indonesia","1 day ago","On-site
                              

                              
                                Contract","Laki - LakiUsia Maks. 30 thPendidikan Min. SMK Teknik Las / Jurusan LinearMemiliki Pengalaman min. 1 thMemiliki Sertifikasi (BLK) Juru Las (menjadi nilai lebih)Penempatan Citereup, BogorDapat Bergabung Segera","FCAW, Gas Metal Arc Welding (GMAW), and Welding"
"1726207607-9","https://www.linkedin.com/jobs/search/?currentJobId=3984543090&geoId=102478259&keywords=Mechanical&origin=JOB_SEARCH_PAGE_SEARCH_BUTTON&refresh=true","Mechanic TruckMechanic Truck","https://www.linkedin.com/jobs/view/4001505165/?eBP=CwEAAAGR6d5gdRiblEMe0tWQ8A9h7-FhMojL9I5NcDUDe5oE64Vu-ahlkCrmRWlQn2n5XumBcF7FmVs8ss33iAuQTKCF8cFENOD8sptRVmraLcnmcnC8n5zY5aL4IHSorVqdNBfEnGke_TEoSb8kcCnhz5sFIHh0ra-XaV-UdeM25s6riEw7rEm31WPM0CMHrqn-RImTbxusbpgc3QKuyDK4QqTTcmfJgogSaFcJwVq1dV6N8UOI_sfyIiyDvxCvHSbi_vGm7se3RKG0g0g3zS_U9WTI369arE8hQXVIcZai2Sieq71QaOvzEKcBBeM-hAvXuGP-AwwUzO3_CTGfOO9aUVBm3QloTdM6yFBKI8FFbGV8h75hynpS_G4FqxKR3LhQaPV4sPmlu0sGnMw__PiMMgePq8R3afht5qQMPfa4CYixoRwCsYRiurJSo-gbmKgyfwvdDQJqhPtY0HOAU0MGVS4&refId=ws%2BdZiy8BZCb3FEoH5a7pw%3D%3D&trackingId=SUDU9FlS6HdqwfQPrzhBPQ%3D%3D&trk=flagship3_search_srp_jobs","Mechanic Truck","Jakarta, Jakarta, Indonesia","4 weeks ago","On-site
                              

                              
                                Full-time
                              

                              
                                Entry level","",""
"1726207666-10","https://www.linkedin.com/jobs/search/?currentJobId=3984543090&geoId=102478259&keywords=Mechanical&origin=JOB_SEARCH_PAGE_SEARCH_BUTTON&refresh=true","MEKANIK MOBIL AREA DENPASAR - BALIMEKANIK MOBIL AREA DENPASAR - BALI","https://www.linkedin.com/jobs/view/4022214667/?eBP=CwEAAAGR6d5gdXzegGu6jTSyWhzrjYMtPQ7da8X2KDcDP5joaQ7t9KkQPhIiEMLAvm9pZCWhSnnj-bKYfiG5r6HcTzSomuh6hriHoQ2lHwF7IKqXpeG2tOQ1564DcOy2aoCHrBMjDp2P02A9Xe73B3FrpcoHJIzIQWfxdNvFPZLS3nMNjwGFbMCWu4UpDQbe2qh66JJrc7s-BRii-pqSOfHsNyZuxqTqbIsha66gg2hf6UySedpv67xa2Q_mTiV9plwBeaxQoyhmCutdKukeRnfkTCAkKg9lhsWnk274NKVDKOg1xykHhYSc5VckHVcvaycxlYEd6Nu-YkxjuoqK6YO16-yRCxCwBCwCeH1vblXaB8D-APzWMDJiy6kvzjv7NKCulGdvQgcrNXSNXly6VHEk7JtlpuaIPU-dth6suQ-efYgq8co4oZZMt6gqUMd1n4ntgWOnEhF_iHuPVHKtZ_ZQ&refId=ws%2BdZiy8BZCb3FEoH5a7pw%3D%3D&trackingId=R5uN4QqECV9bm1uRtW6QJQ%3D%3D&trk=flagship3_search_srp_jobs","MEKANIK MOBIL AREA DENPASAR - BALI","Denpasar, Bali, Indonesia","1 day ago","On-site
                              

                              
                                Full-time
                              

                              
                                Entry level","MENYIAPKAN MOBIL UNTUK DI RENTAL MELAKUKAN PERBAIKAN/MEMERIKSA KEADAAN MOBIL MEMBERSIKAN SELURUH BODI MOBIL PERAWATAN MOBIL","CATIA, English, Maintenance, Mechanical Engineering, and Teamwork"
"1726207707-11","https://www.linkedin.com/jobs/search/?currentJobId=3984543090&geoId=102478259&keywords=Mechanical&origin=JOB_SEARCH_PAGE_SEARCH_BUTTON&refresh=true","Foreman Mechanic – TyreForeman Mechanic – Tyre","https://www.linkedin.com/jobs/view/3977669634/?eBP=CwEAAAGR6d5gdZZ2Sf8ZxTW4HgIektxsFyFucaJztf7g89AvWUjsWw2KygcHIi2i1B3HU7mNJoxpGzzl6GDiSuW63S2BI5bFk6M1CfyTzFmqfumgPyRE53KZVNroERUgb4M64fr32NwSp2u_ehsiZxHiEmrPXPhZ7iAAQOr7UlyUNldFfWkDOPit1HlyrWe5hzxHJAcWIX6Q--z8CVBJo9ZZ9OzVrpC_CpotT91rNk9JHAdHd1Q9i4iW0lEILQn2_HFXcKYdMEZJ17DpCh4DcvUY2YP8ayWoZyiHbdcu8T6SUyg7I5zTyj29aOTU_ouCzsMi8vgUBqx6a-jitqpxAZOcVjW-xpZb-NXI3kYQjSn4SdjhKT3s2QBWL3mQbgEfhNPL3HuJWQ7nTFS9Y6NeKVhub1dIH0EWhFgddWaTL00yjiaBj8loWsmM0Arf4dnD8U3QgRAi6uEVZdyCRvHm6SmDsLw&refId=ws%2BdZiy8BZCb3FEoH5a7pw%3D%3D&trackingId=wiWDw1i1wrsZxBGRxtW5Rg%3D%3D&trk=flagship3_search_srp_jobs","Foreman Mechanic – Tyre","Jakarta, Jakarta, Indonesia","1 month ago","On-site
                              

                              
                                Full-time
                              

                              
                                Entry level","","Budgeting, Construction, Construction Safety, Construction Site Inspections, Negotiation, Onshore Oil and Gas Operations, Piping, Supervisory Skills, Team Management, and Teamwork"
"1726207749-12","https://www.linkedin.com/jobs/search/?currentJobId=3984543090&geoId=102478259&keywords=Mechanical&origin=JOB_SEARCH_PAGE_SEARCH_BUTTON&refresh=true","Mechanic RebuildMechanic Rebuild","https://www.linkedin.com/jobs/view/3977668819/?eBP=CwEAAAGR6d5gdY2ztRPbEtlQu1SYIIGA9apr4EUJMsRW0TEyuU6ceTHGElAMcY8zFc_Krmuv5gE1cv0jOQW7y5wsfrgQlihi0waAii5xX3Tf4cOgPwk0hkrvE564tuU35fu6RDtt7bDHucZ2jM8uK5Mf1X12uGJC4JZX2I3IKc9QKazaku03wVJe70dfBJKGGqb-3Wiwen_f1gR_zuvghomyoUOeXiEJH7jVXmzuPWfDF6aUg22dCGaRqZKi32PPNqqpsRCaRs5tX1Pq5wjdFeujKEoADau-aW42tVaNGlTAgxo-tiTraLb_UF6d6SuK-fGojmO6uMBC2jwWn20oUpwIfr4mLg_0Ak-se6dJg7ablj0zzWlc73jSJd35hxYggtSoCH3MpBhuJvYTFWa6pMt8Ur8VA4-YIIpDv7WX_eC377v48cwLekgSZIbx71CLGMsfjsFHxKck_DJS8CMiUOxmcdM&refId=ws%2BdZiy8BZCb3FEoH5a7pw%3D%3D&trackingId=YJ4ixoFF5VyKWfIMVtrShQ%3D%3D&trk=flagship3_search_srp_jobs","Mechanic Rebuild","Jakarta, Jakarta, Indonesia","1 month ago","On-site
                              

                              
                                Full-time
                              

                              
                                Entry level","",""
"1726208270-13","https://www.linkedin.com/jobs/search/?currentJobId=3984543090&geoId=102478259&keywords=Mechanical&origin=JOB_SEARCH_PAGE_SEARCH_BUTTON&refresh=true","Foreman Mechanic – RebuildForeman Mechanic – Rebuild","https://www.linkedin.com/jobs/view/3977669618/?eBP=CwEAAAGR6d5gdZLb5_8lJWgqlNbbiwYJHdJQAwPczgVUw8mz8C0idpkGbM1wueMs2Rq-df0NtKh4mK_HKixNbLuYIiQreHVN56gvFnZebzntgM0dv9i0R7idzsLu9wCQBTXfGBBHy20Ogycs4-3NlTU2l0j1y_Zl4ydiTRay0DLZVwPg4n2Bq9T_LfLsG5hDh9BkWlNSkHeLMOhrQxKAGRF_D2PY7IbCFoD9xm1_AwPNlA6FVNWk8cZkSPv3wWlBkM1QLMAnaSjyOJ1FODxR4JXwq8dlDoiL2FnwKzRMmOlUm-dC3gKBVTvZflvcBQFp4fcRtbKdHS8527AS5cU4nwE7TrXDpYSE_jgzjLVo85HTk5h2rQHBc3N9zQi8TnEBXgXTWF_ALu7P--2tQzVHwAC6pgLtIJQAymDXQNL98ikT_qhaTj4hMYJQucRT56yIkyMK0-kH4ZseNH9ubA4HUI8trLg&refId=ws%2BdZiy8BZCb3FEoH5a7pw%3D%3D&trackingId=zOlH4Jr6u0lrbQ6zavDABw%3D%3D&trk=flagship3_search_srp_jobs","Foreman Mechanic – Rebuild","Jakarta, Jakarta, Indonesia","1 month ago","On-site
                              

                              
                                Full-time
                              

                              
                                Entry level","",""
"1726208462-14","https://www.linkedin.com/jobs/search/?currentJobId=3984543090&geoId=102478259&keywords=Mechanical&origin=JOB_SEARCH_PAGE_SEARCH_BUTTON&refresh=true","Mechanic Dump TruckMechanic Dump Truck","https://www.linkedin.com/jobs/view/3977672436/?eBP=CwEAAAGR6d5gdcwRohq0ub_U0CFYRKftOZOXxPkXEYH86NPWdr3T-WnGBLdjRmUw3mL3sFnKCtxdmQlH0-m7Tf-zMOtT67SfrE1oTSfVf6JPHRCtZVIVQ0gM9DTKRWBL8iRP0DLBSRaWrcSxQMMXiwYTm2KSCCzRgVbcUY7s3iybwzTKKoUkCqrSr4VuwiR-PXmWWMn--25W5o8vmCfcyEne5nz8O3Qx1BQCI-Wus7i7G8PcmEi4XTdoINvASc28S8j_g6e9jVzwedtBrBwoAwBk3GSyE-y8mxgjPKFVTOfaXzqjTFETadl9bLUb58ScF6wUEmIuqiS4PBd7Pu4hC9ah4K6o6eWH_Tpb6HiTXGH1lJAixYGHibx7fk-dMd-B73aLUn6wTb5swm6nUpXcce1KJYEVyJmjSZ7f3QP0svOncFiljE4xyAN8Pijl8cc_bDa5CUiyRMoq6ocC0pN23iT5ROg&refId=ws%2BdZiy8BZCb3FEoH5a7pw%3D%3D&trackingId=oZ9WD%2BAiKA8TF9arI4Vf1Q%3D%3D&trk=flagship3_search_srp_jobs","Mechanic Dump Truck","Jakarta, Jakarta, Indonesia","1 month ago","On-site
                              

                              
                                Full-time
                              

                              
                                Entry level","","Automotive, Automotive Repair, Dump Truck, Heavy Equipment, Hydraulics, Maintenance, Mechanics, Teamwork, and Welding"
"1726208504-15","https://www.linkedin.com/jobs/search/?currentJobId=3984543090&geoId=102478259&keywords=Mechanical&origin=JOB_SEARCH_PAGE_SEARCH_BUTTON&refresh=true","Mechanic LVMechanic LV","https://www.linkedin.com/jobs/view/3998555092/?eBP=CwEAAAGR6d1O5WkQhWHd4Y4IMoWoB0XLBUmUiQXfWbW8qdLI5sdIQ-hUxXliEocfZC-1-xx9f40a4HQhXNmxb5K6kxZBsNBmDgnwA5FHJQ2TcT9kpn9dgDWT1EeQHpigScn35RaCV1wSwQzd5H4moch64R_JXm0nqxG7bDaIzzFkDeYddeZVLXnbsYAHY0sqfsc3bHjB7GEXBxQDlvWo6tGWbLbm0s_cuLgI3fkrX4c-d9WfjLGh444j3f_imumoeoMC8UC2O8OJXkAkrQFvKjYAVS93anRSQQA5Lzh2PudoDu-BS9NfOv6yfyqt43IhWUUmoc35F9ikuIxgDYslKcMBwaioPENtRQOf_8Bo2bx53p9bdX1bO4ARybJZ9oxKBhU47BFGnYa_v0wqYJveD3dQAsaQqwO7IoBSKYx6E4j5JxpjfZX8Iu_Cphy1Wk5AiK5Vrfjqrc2ZV0fmyN_-bZgcPtY&refId=VpVLbUo%2BSFttinyWcgUXNQ%3D%3D&trackingId=Ohk5pFEwa6%2BsEObhohBpyw%3D%3D&trk=flagship3_search_srp_jobs","Mechanic LV","Tanah Laut, South Kalimantan, Indonesia","1 month ago","On-site
                              

                              
                                Full-time
                              

                              
                                Entry level","",""
"1726208548-16","https://www.linkedin.com/jobs/search/?currentJobId=3984543090&geoId=102478259&keywords=Mechanical&origin=JOB_SEARCH_PAGE_SEARCH_BUTTON&refresh=true","Mechanical, Electrical, Plumbing (MEP) Project StaffMechanical, Electrical, Plumbing (MEP) Project Staff","https://www.linkedin.com/jobs/view/4012009467/?eBP=CwEAAAGR6d1O5S3JXkOit5hufE9-jOyc3vuePKEERVLbUzQLfMk75x3iOGCs7FXY4wQEAFDYkjBsUSdIqthv_hJshUS5NcsNn1slxGNOZRQvotVHVFXIKtQAoBsTvc2crU8vQE-IkDw-_D6cIUDlchu9U1JHpz-sP_xV7l3evQDqJs3oRiEF1UL6yc3KnHRnsy7MtqfUZAm3Q8lyOVlAX5moDqqv53Hoa_gGPLgDlvDtJLlfUt71UoQM7-nrBh_H-C23bkS2BU7DwK_tXwA_Dth-fN83V3umNZjIifCXaepbMxbkeKZRyDWc3RrJpM2lHja04QE8Y1sIc3ddWfjiwe-6a1yGVV1jfZ_efedgavP7M6c1RfAlZND_3xfrSKQT8GPO6iPCBhby7k10Efq0gpIc2x8By8N1Y7vmUI98qFhTjtAtReUAEE5mLESH6q_9FZO4z5Bt3ciuOJ1LX8ioGkTom74&refId=VpVLbUo%2BSFttinyWcgUXNQ%3D%3D&trackingId=1aiaDMAJIjLYZLsti%2FNwZw%3D%3D&trk=flagship3_search_srp_jobs","Mechanical, Electrical, Plumbing (MEP) Project Staff","Kota Tangerang Selatan, Banten, Indonesia","2 weeks ago","On-site
                              

                              
                                Full-time
                              

                              
                                Entry level","Assist in the planning and execution of mechanical and electrical projects.Coordinate with engineers and project managers to ensure project milestones are met.Responsible to provide daily and weekly progress reports related to project workConduct regular daily and weekly inspections of all equipment.Check and report meter readings (gas, water, electricity).Responsible to perform preventive maintenance for equipment and cleaning equipment.","Problem Solving"
"1726208573-17","https://www.linkedin.com/jobs/search/?currentJobId=3984543090&geoId=102478259&keywords=Mechanical&origin=JOB_SEARCH_PAGE_SEARCH_BUTTON&refresh=true","Kepala Mekanik AC Mobil - TangerangKepala Mekanik AC Mobil - Tangerang","https://www.linkedin.com/jobs/view/4006527032/?eBP=CwEAAAGR6d1O5ZmvcQT7NgWEEO8nf4dYPIm8h-I65_Tej8hxDUc-Ibl_ku9yDK_eargL0-3NR6obgzYoSzP0KynLTBjGJoeOM4dwHJVITExQ8jZuJRFMR_K38vPMwawZvZCL6tQv6EE8kdRQK5Av_wOygjgHv-cvuPL2loHWmntRTyzoJ4-OZ0VS-A-Xktp99iOjWLNG4RYFU6W1CVN__2X7KeO_iMVQCMbwXg_OjELvwe8fjyrQJExkogCbuUFzhuEQTbTBnVIxPeHakR9pvM3C6ibP9Kt1OzRut-Fu3R1mJGcCk4vP8PiNLe8nqX_jXpA9jhYAIAN0yIQGZmZ6BVdqJG3X6w3LJXGVZuz5x1YY1psopiAVMJjl28yDJPGPWg4DRT--pnKhc2DrkgEtuyzwo28bJEdMZ1jtRK3QsiHFKXpBiMkN4nsOtxaa9d8VtlZNNvzA2qtb_4ufh-ZqpF7xEUY&refId=VpVLbUo%2BSFttinyWcgUXNQ%3D%3D&trackingId=3bD5MYbDY7aP8FygCoOFWg%3D%3D&trk=flagship3_search_srp_jobs","Kepala Mekanik AC Mobil - Tangerang","Tambora, Jakarta, Indonesia","3 weeks ago","On-site
                              

                              
                                Full-time
                              

                              
                                Entry level","Kepala Mekanik AC Mobil - Tangerang","Ansys Products, Autodesk Inventor, CATIA, Computer-Aided Design (CAD), Finite Element Analysis (FEA), Mechanical Engineering, PTC Creo, Piping, Project Engineering, and Teamwork"
"1726208610-18","https://www.linkedin.com/jobs/search/?currentJobId=3984543090&geoId=102478259&keywords=Mechanical&origin=JOB_SEARCH_PAGE_SEARCH_BUTTON&refresh=true","Mechanic Trainee (Inspect)Mechanic Trainee (Inspect)","https://www.linkedin.com/jobs/view/3977671436/?eBP=CwEAAAGR6d1O5ZJ1M9ineLM2WqnZgjngOnBOqs_7LcZDJtPtYUAPeOn1DdWwxoSTwfsPtpgSSZije3kdBhwTUxZFa1oRxg3lk0P3ETth5mX-Gsaizh2tj3JunnJCNoqrhCOD-GCB1lnNo4eDxvAAVorsP0ktIYbxBY1-mQApqN0h8lBmqFk-7dOfVX4E_G0_2DUhz7hrg0qbJXmQNo08wa-3Kv6kdWwadsVlQwidWGbuYHZHeFpdH63ih00Rmd-MnKPCVwN5CpMThpycfwpChmWSzWHaTW7PPcUkR6JcLpHrFLmK13EqYUCB4pk5RsAsEk1p0LXOJ7CU_hoVMbO2bQscVC5JF9xCdHgnVkORp1cZZNzIivp_7TvAjDGwqVeSjGjPAt0WwYeuViET2dB8VJaGfI_UTdnmxYAmSOMNckfunWqtff8gw6g2jSutiv9x3MMZYPDZbEN1G5vaSq0LZxVN&refId=VpVLbUo%2BSFttinyWcgUXNQ%3D%3D&trackingId=F1Tr1qg7%2FgimJsfI4xfIlA%3D%3D&trk=flagship3_search_srp_jobs","Mechanic Trainee (Inspect)","Jakarta, Jakarta, Indonesia","1 month ago","On-site
                              

                              
                                Full-time
                              

                              
                                Internship","","Automotive, Automotive Repair, Hydraulics, Maintenance, and Troubleshooting"
"1726208626-19","https://www.linkedin.com/jobs/search/?currentJobId=3984543090&geoId=102478259&keywords=Mechanical&origin=JOB_SEARCH_PAGE_SEARCH_BUTTON&refresh=true","Marine MechanicMarine Mechanic","https://www.linkedin.com/jobs/view/4006521878/?eBP=CwEAAAGR6d1O5YqopjOHQqegfnCVMeD5VOmo43CUTms9TNqjrnMFsTw1oKxnOCfrNdPIYWPlxpFcmciSvMgaGSptjMLJJ1oHK1kipwhaKiZffcQD2hAjaeim1_SphHfxtRokbggWkHbsFTFYGhBjyvw_g1niZL90_-wnBagVgodRxGiQfnTDIyYDuqUovv1nrjpTckUxc3GrQd6nuTsmEQI1EpF59hYwEoXcpo-jSIw1De8-4IBZgzh1vsPGcXZp_ItplPA3wgxyphmW1QuJvYMLERi5Bs709gs4hV0iPytKWmWEUBjVfWAZPwFEVorOmq__tiMiYzVr6VAdKva-E3HkCHB2OH8so_isUmZnOA98n8t1X8GQ7ZKM7RwhCrp84urT03Bjv9Z3lUL_evU1AQ4idJXhMOqsICGLHpEZgfOoVgeIC3LMLWKXlgehP_GuSOMYHTF1VhRyxgk1mci5HSyu&refId=VpVLbUo%2BSFttinyWcgUXNQ%3D%3D&trackingId=Q%2F6GmoPYh06GW105J1UBvQ%3D%3D&trk=flagship3_search_srp_jobs","Marine Mechanic","Jakarta, Jakarta, Indonesia","3 weeks ago","On-site
                              

                              
                                Full-time
                              

                              
                                Entry level","Marine Mechanic",""
"1726208643-20","https://www.linkedin.com/jobs/search/?currentJobId=3984543090&geoId=102478259&keywords=Mechanical&origin=JOB_SEARCH_PAGE_SEARCH_BUTTON&refresh=true","Building TechnicianBuilding Technician","https://www.linkedin.com/jobs/view/3996545678/?eBP=CwEAAAGR6d1O5TRatGpQV1sCWhwzouV1WQOGugTp2w8--gW0UNahpQuqS6THwURJb-ytrV6-UPfVlVbJdbKSrxSPEZc_qqiCYH9mDajaHhpiMNarRmV5dNm2_4wmy4h7ai79QkEnQ5-UWP5qRkFxBmYd3PUVgYtmD1H0JT0dZGylfx0HGm06vQmJylYOZIEMXMWFm_ODUXFsEh_-mJjT43CUZPaAdbk2S3Fdf5mjRVdmjlfOZ70SRa8OwAx1UUcM8-b6iJgPflsYqZB8rGp69jUIB6L8YsKWhGLg_tvoiuy2vE-yOKbvjWx2wafDxHe9Lm1uinmu-tWWqa8IZU7w5-gJiMOoTOTXoo4h3Rdv_OBRD2PY8jLTXp8RpO0VlozVRaW9gxipykloQEIUWo3rgtKSl_lpcHZBUUuJsh3A4K3w2f_n2o92Fsfw1VpivZCa28gflpKvumldoIm-rT4h-QQf&refId=VpVLbUo%2BSFttinyWcgUXNQ%3D%3D&trackingId=xZKgqzD8oXrqe3kAaIEiFQ%3D%3D&trk=flagship3_search_srp_jobs","Building Technician","Jakarta Metropolitan Area","1 month ago","M null/month
                              

                              
                                On-site
                              

                              
                                Full-time
                              

                              
                                Mid-Senior level","Bekerjasama dengan atasan dan team sesuai dengan kebijakan, prosedur, dan jadwal yang telah ditetapkan. Menjalankan peralatan/mesin sesuai tugasnya. Melakukan pencatatan atas pemakaian mesin/peralatan sesuai jadwal. Memelihara mesin/peralatan. Melakukan pencatatan waktu dan suku cadang yang dipergunakan sesuai work order. Menjalankan semua peraturan tentang keselamatan kerja. Mengikuti semua instruksi/peraturan/tugas/ketentuan yang diberikan. Mengerjakan pekerjaan Instalasi Listrik, Sipil, Elektro, Plumbing, AC dan lain-lain",""
"1726209170-21","https://www.linkedin.com/jobs/search/?currentJobId=3984543090&geoId=102478259&keywords=Mechanical&origin=JOB_SEARCH_PAGE_SEARCH_BUTTON&refresh=true","Mechanical API Inspector (Saudi Arabia)Mechanical API Inspector (Saudi Arabia)","https://www.linkedin.com/jobs/view/3891682030/?eBP=CwEAAAGR6d1O5QJAqrs5UGA5xxL5C4bBc2obRIdoroYCDbY-bzdK4V4H97FWT2KL0V9mtE05LBU5kftSfSjfEDHOEZs_W-osZW2zimvioVXjjmGhzDcRYszup4cqRTvE-6370bLEF2U7bbY2WewewHL_Env13Ryss9SVM0C6ok_1YjT61pNK9vGZbCB-dcOA1gnl139tABUwfSzMapMUpE2cntm9E1iJD48pnPtOet604IGSupKWcv7MRaHC3HZL1KlBLWMB1ANdOgHXEhkeX6XTCZNUCafEGTuICJJRSRErzZZSZh0SWJHvC8BVBT_DUKpR_SMxL__jmPKTO9eGt5-zwogyeMd_H-VicHcfFiVYxDI5AI8uj1jiUEKJauNv31Y3BAVgao0ReJLAkinQOZzELKZdbcPa9VEf4CsdKKtnSYsnVltS1_zoc8MRICQsxJ_XmWNxEkESuo8Xtdl9t4Dwic4&refId=VpVLbUo%2BSFttinyWcgUXNQ%3D%3D&trackingId=N0d4g1PhGvc%2F9a8YdCSIOA%3D%3D&trk=flagship3_search_srp_jobs","Mechanical API Inspector (Saudi Arabia)","Jakarta Metropolitan Area","5 months ago","On-site
                              

                              
                                Full-time
                              

                              
                                Mid-Senior level","Conduct inspections and evaluate the integrity and quality of mechanical equipment in accordance with API standardsPerform inspections on various projects within the Oil & Energy industry, including equipment such as pressure vessels, storage tanks, and piping systemsEnsure compliance with industry standards and regulations, including API 510, API 570, and other applicable codesReview technical drawings, specifications, and documentation to verify compliance with API standardsPerform Non-Destructive Testing (NDT) such as visual inspections, ultrasonic testing, magnetic particle testing, and radiographic testingDocument inspection findings and prepare reports detailing any non-conformancesCollaborate with cross-functional teams to address quality and compliance issuesMaintain up-to-date knowledge of industry trends and advancements in API inspection techniques",""
"1726209523-22","https://www.linkedin.com/jobs/search/?currentJobId=3984543090&geoId=102478259&keywords=Mechanical&origin=JOB_SEARCH_PAGE_SEARCH_BUTTON&refresh=true","Teknisi Mekanik, Elektrik & PlumbingTeknisi Mekanik, Elektrik & Plumbing","https://www.linkedin.com/jobs/view/4011590692/?eBP=CwEAAAGR6du0ywcSWBKcjDOxjrdkSG-IqyO672ntmmE86jlM1_jU3AeeREYGxOxKDJTWTT_1QkeCoHSjQCOK3ITVzXZIRA_6GfZgNLfvyEx1HbX1odPuYpge8THqzzz8j9CpWjB17lZWE2KWAnipMIn4HBhF92GfUpYVYn88FB4W-v6RmaVrH3JMyCttRGsw2LBcgtCAHbuwLYlzLvBhVgKkEReUrCwPNSx7G4duMuTuUT0DXpj9ZOtBgjkA-YbNJKuiga66Vc_yZ_CF-7jRQftpRmxraMF6W_9AUrhCMLiti8YRsBpNDdWrlBkUf18-fDjsXk2ctBf6WD108qpXKPHa9vgqElkIQqM0DXT2QX05rWbtXkYNgAAkdGVBiP0Ri4rX4pau5Nzg9PdNygBhHSfdzLF8K9HoO4-Wv7nGcFpXgjCjcLce8o98QkhujpFjVcCmGLZMTXbcJoQaVAZ99OsD3YI&refId=vpH4RQl%2BfJqMI%2FgFc2Vd0Q%3D%3D&trackingId=ofi9lwOBNzDlyn556YUM6w%3D%3D&trk=flagship3_search_srp_jobs","Teknisi Mekanik, Elektrik & Plumbing","Bandung, West Java, Indonesia","2 weeks ago","M null/month - M null/month
                              

                              
                                On-site
                              

                              
                                Contract","Memiliki pengalaman kerja mendesain dan memimpin sebuah tim selama 3-5 tahunMemiliki portofolio gambar kerja dan laporan perencanaan MEPDapat mengoperasikan BIM menjadi nilai plus","Autodesk Inventor, CATIA, Computer-Aided Design (CAD), Construction Engineering, English, Finite Element Analysis (FEA), Mechanical Engineering, Mechanical, Electrical, and Plumbing (MEP), Modeling and Simulation, and PTC Creo"
"1726209555-23","https://www.linkedin.com/jobs/search/?currentJobId=3984543090&geoId=102478259&keywords=Mechanical&origin=JOB_SEARCH_PAGE_SEARCH_BUTTON&refresh=true","Specialist Facilities Engineer - Mechanical (Saudi Arabia)Specialist Facilities Engineer - Mechanical (Saudi Arabia)","https://www.linkedin.com/jobs/view/3961522685/?eBP=CwEAAAGR6du0ywXBK9MKOSogjRUidM6bVEazKlwACfUi_AHXArDreZTAtVsmxMBUYYJaFzX-zUAOlgR-ru8YNRJtkwRAPYsjLoPsPWrwlHVn-FtY4ymtfh7Hacq0zq5_BP1N9OzOcg89fLJ532qoveByVJb8GeKz-oJvj-_WRRn0azXEa8-20_8mvGpZ90KlPzOHf0UevJ0vHg-1tn4CCLJ2_BGnZUvVThUYeN7orDqCW0i0nl3pEfKyd1eDb-vJp-Kd-mELKCxman9rFy8QakaCyqHf-gWToU6MCDXlnzIaosiyzWktoZx4GScXAcAjnv9KukhUmBRXc9uMIbA4euhxDCfuYLuf2t7jLs8mfis_mvOOI5oSxr24ZyCdF0KybHIHiKZ5e_pGSa7vMXpWFyq5rxAq9QXsCgW8vPPu-CrYfnowHDBQzYGE1RdzQVEL104E4FnzfpGtCi41FRvmJRWhSPs&refId=vpH4RQl%2BfJqMI%2FgFc2Vd0Q%3D%3D&trackingId=tJUuV%2FGhCeCAXQgXlD61SQ%3D%3D&trk=flagship3_search_srp_jobs","Specialist Facilities Engineer - Mechanical (Saudi Arabia)","Jakarta Metropolitan Area","2 months ago","On-site
                              

                              
                                Full-time
                              

                              
                                Mid-Senior level","Support, motivate and develop the hard (mechanical) services team to ensure high-performance delivery Oversee the operation, maintenance, and optimization of Heating, Ventilation, and Air Conditioning (HVAC) systems Implement advanced control strategies to ensure optimal comfort levels and energy efficiency Supervise and maintain plumbing systems, including water distribution, drainage, and sewage disposal, to ensure uninterrupted and luxurious guest experiences Implement water conservation measures without compromising service quality Ensure the proper operation and maintenance of fire suppression systems, including sprinklers and fire pumps, to guarantee the safety of guests and staff Conduct regular inspections and tests to comply with safety regulations Respond promptly to mechanical issues, employing innovative solutions and coordinating with external contractors for specialized repairs or installations Ensure quick resolution of issues to maintain the seamless luxury experience Conduct regular safety audits and training sessions for resort staff involved in mechanical operations Supervises and motivates staff to ensure an acceptable level of performance Foster strong relationships with stakeholders, ensuring their expectations are met and exceeded in terms of mechanical services provision","Communication and Problem Solving"
"1726209596-24","https://www.linkedin.com/jobs/search/?currentJobId=3984543090&geoId=102478259&keywords=Mechanical&origin=JOB_SEARCH_PAGE_SEARCH_BUTTON&refresh=true","Technician 
    
    

Technician with verification","https://www.linkedin.com/jobs/view/3871519149/?eBP=CwEAAAGR6du0y9fQmfyu33eYCfxWmRwxpm3JboE6fGL1-0aZja061yLxyMGAJK8AF3RcRn6gRUHHtWVwaVW_dgiaTmbYApaiZwJ6dUaZcNrJELno5Isy1UHySnlywZz3rr5NFnMy5vqmhSsoZZG0c0Zs8ETEDzFC-54ogD0AwnAMC95hv_Hw_rUXdYvV1lg-D4OPo51j6db5eyp7V_1ZgcUz3hYIO0qY392kZOSq1NUoPVOOWo-rsXq4NmtaTZg52LrBlCm73m8qo-cipeqD8zb8xpLXVjTR5eT_6OjMIZmamJPtkWpBXg4IzKGHCpHlEpIQZVFadZHBkXkv-7ZxsNI8vlw6up4tyeRBsaNYr5R_7eO9EO-w4aWT5COQq2fppZt9SJT6P6uAkE6KgBtd9VUGnR2zbMg0ubHT-MYUfxMM5IRZZrKB3vNIkcn1J3agEP6JLIOBrHeqJSes2MsoBevIyl0&refId=vpH4RQl%2BfJqMI%2FgFc2Vd0Q%3D%3D&trackingId=piRMwTDx6mnFd27vt21cug%3D%3D&trk=flagship3_search_srp_jobs","Technician","Kuala Kencana, Papua, Indonesia","5 months ago","On-site
                              

                              
                                Full-time
                              

                              
                                Entry level","Responsible for performing contamination control and safety activity related technical job process and refer to standard manual or procedure. -Responsible for activating to reduce waste and contribute to continuous improvement. - Responsible for completing all document related service administration and technical/ technology job processes refer to standard manual or procedure. - Responsible for processing parts request and return related to technical/ technology job processes and refer to standard manual or procedure and ensuring the parts/components in good condition when it is handover to customer. - Responsible for ensuring tools and equipment utilization related technical/ technology job processes and refer to standard manual or procedure, including ensure tools and equipment in good conditions. - Responsible for mechanical jobs process (D/A, R/I, PM, Recondition and Technical Analysis 1) and refer to standard manual or procedure. -Responsible for defining services requirement (revenue, warranty or guarantee) related customer request. - Responsible for ensuring the implementation of corporate standard procedures and Best Practice. - Responsible for ensuring Service activity in quick respond, meet target completion and customer requirement, as well as maintaining satisfactory quality of technical/ technology job processes and results. - Responsible for giving technical explanation to the customer related problem solving under guidance.",""
"1726209624-25","https://www.linkedin.com/jobs/search/?currentJobId=3984543090&geoId=102478259&keywords=Mechanical&origin=JOB_SEARCH_PAGE_SEARCH_BUTTON&refresh=true","MEKANIK MOBIL AREA DENPASAR - BALIMEKANIK MOBIL AREA DENPASAR - BALI","https://www.linkedin.com/jobs/view/4022214665/?eBP=CwEAAAGR6du0y8wFEKPE80xNuXg6DEvv9e6FvjqVQGpBaHKyLH2YT85U8n-aU_9nJbIXIQ_jf0PJOFL2N7aVGPrXQqrtBp7YjhQuMXcpwb8FEp986mkMptMsm4ZeyYE3BbDSWcoYwqMQO8TVK4X99-RO9WaYXvlu7GByHZZmxA47AbK1-M4jRu4U1fk4jskJsHBHdiJXM7nAONiNztcGH_KhfG2c1v3wl1qIJJlNTIzHmJN7XuuZzShNFTO7uosbeZIdRIK_gfSBX5NUhp54xfuvwUkOwXW6JU-zA6199qGjvNGgYhBhbWPSmQW9EF-9r3QnM0FSxH7KxNjKZl94NnMCbTVmHFjVDgjU1mSGiASjZ8CbUhykHNfZNjYa5NF6lkr--w8YCh4OxjMhyH0EZjksJ3vy1JJmsJJUtZdn3UKGmqL8ilFLtBk-BKKgSKivnccQPwoGkGZv4YEefPzaklBS-Vaz0g&refId=vpH4RQl%2BfJqMI%2FgFc2Vd0Q%3D%3D&trackingId=0CvJx8M51d%2FUfsQyt%2BdrWA%3D%3D&trk=flagship3_search_srp_jobs","MEKANIK MOBIL AREA DENPASAR - BALI","Denpasar, Bali, Indonesia","1 day ago","On-site
                              

                              
                                Full-time
                              

                              
                                Entry level","MENYIAPKAN MOBIL UNTUK DI RENTAL MELAKUKAN PERBAIKAN/MEMERIKSA KEADAAN MOBIL MEMBERSIKAN SELURUH BODI MOBIL PERAWATAN MOBIL","CATIA, English, Maintenance, Mechanical Engineering, and Teamwork"
"1726209641-26","https://www.linkedin.com/jobs/search/?currentJobId=3984543090&geoId=102478259&keywords=Mechanical&origin=JOB_SEARCH_PAGE_SEARCH_BUTTON&refresh=true","Mechanical EstimatorMechanical Estimator","https://www.linkedin.com/jobs/view/3996320202/?eBP=CwEAAAGR6du0y6Cq-Y0XaoEMZQYNBMsnr0xDOb7VHnQeMXDA5i6qXxyewjl-qAYh4ssCuRc80UTMh-vd65BWf24gXCHsgOdEPIeTAVSKvuhdxbnAxiuLqbW0ITC2z5CvfV9_d4SI9BWT8xqULxs0SC8nELA0p3ovyKlSW6ej8Z6ADSzh38_wVsCTepnUmgLFl2sdOxSkYB64kN0Sa5x7xJUNO1gRowykfvovoZWzqKtTw1QXE_Q77b6p7wMLfuNw7fTQkkLydg4rf7EtRvX8fKB6bkWaEXWQRfzz3QiIuB6jHImFQcthUspkBgM_toxoa7So4zLg9hshArFw_3cROTSxY9HMtYG4r80n5tuR8Ecsa1YfzLDkiwZjoxYqa32x31-OLtUE1c6-bp6H95BdNwfGTjR5BCddZfHtCUdkZ9VtgkrxhM-_qkinImRg2qN8zOLrWZOIfHSaZMomWJWqVGHprX0&refId=vpH4RQl%2BfJqMI%2FgFc2Vd0Q%3D%3D&trackingId=ivlwqBp5wcMZD%2FexNPXjbQ%3D%3D&trk=flagship3_search_srp_jobs","Mechanical Estimator","Jakarta, Jakarta, Indonesia","1 month ago","On-site
                              

                              
                                Full-time
                              

                              
                                Mid-Senior level","Bachelor's degree in Mechanical Engineering Minimum 3 years experiences as Piping Estimator Prefer background in industry of EPC",""
"1726209682-27","https://www.linkedin.com/jobs/search/?currentJobId=3984543090&geoId=102478259&keywords=Mechanical&origin=JOB_SEARCH_PAGE_SEARCH_BUTTON&refresh=true","Technician cum Driver - ValvesTechnician cum Driver - Valves","https://www.linkedin.com/jobs/view/3966005500/?eBP=CwEAAAGR6du0y5JqUur8bLAy3XZmHBc4yspafYV8BVn4d-rJhomiGQYQ4LcP83wHm3FWnl4scSfl2gDrg-6Bn7mChcbGZH8zlSVzgEenXaR3twnBNhiO1jRUNcU5CmkP932Nl2xqRMw-sQG4tDLabx9n_4JD3EFJcywmuxxcTTMQGwMytu1PpYKPxhn5PtTE-VPbFexmyKXzr0O1I0xIlAps3qYiUOsi1brHprjI6NyRPYrfiwQqy8aLdP6j_qt_dSQYKdlcjswK5qBi-ENF04s2n8CPt2dZVDhJ9yMH-SygMVUfE-slln04_aukjQeET4IzyC4YzGVdoLxxJtx-fmk3Gu_S4QGuNauO5t-ndn9rGjNh3tMU_Pi4cAyG2WL9PgYywyIZXJAVqIFay-IeCmWaydCZ6AN2j3PyCihwUWNaB-wP5oGYTZtw-zqHONTOz7s6aZwQZrUHc9pfxWkWkE7eiifE2Q&refId=vpH4RQl%2BfJqMI%2FgFc2Vd0Q%3D%3D&trackingId=7XtrgS9BT7MzWX%2FcVSKEig%3D%3D&trk=flagship3_search_srp_jobs","Technician cum Driver - Valves","West Karawang, West Java, Indonesia","2 months ago","On-site
                              

                              
                                Full-time
                              

                              
                                Entry level","Servicing of valves, actuators etc. on vessels / power plants Coordinate of on-site works Transport workers, collection and delivery tools/repairing items Prepare quotations, service reports and other maintenance reports Other ad-hoc duties as assigned",""
"1726209699-28","https://www.linkedin.com/jobs/search/?currentJobId=3984543090&geoId=102478259&keywords=Mechanical&origin=JOB_SEARCH_PAGE_SEARCH_BUTTON&refresh=true","Maintenance Mechanical EngineeringMaintenance Mechanical Engineering","https://www.linkedin.com/jobs/view/4008285177/?eBP=CwEAAAGR6du0y0_i8JJDj7e37pFcX9QIqOkHfMRXIhCuGHj-thE_O7YgD7qgWrWRvsSu27iJy2y2Wawphn_Ncbw7bgO4GE3Tp-YmxW3FISooIoe1n19TsA4Z3rvs5-9cKJM5q-mYEczhwSp31PYgW0rI4iyQcXyEKagehhnNcBqNCcMNyemuoKtjfFmaJHEO5gXa0K-lSsrIDj8CvL2xCgP1Or1uSJty2rTlANrkzxzQPDHm7n2zVy_xbhSwczpTw7OOU4PyNMnt2tS8WE1V-B15r7P6Ae9rAKxfgDmQO7ApNLVRiqF7cdmsLUixH6ZvVx7b0x3goaYaaI5QcUpHi-jtnRQdME--1HTfxptVJEyQDYqwdhp4ApKCN-ao6bIR82lQSiwxUPTDUBxsjIfMqtA5RP0oI4mXR0xqGdrFqaj0Lx8J9E7J1ivVzU0Wzc8UGD9joosaOc_uhRzte42AMU5LlNs&refId=vpH4RQl%2BfJqMI%2FgFc2Vd0Q%3D%3D&trackingId=QMPPrXfES5vfTnDCdRYISA%3D%3D&trk=flagship3_search_srp_jobs","Maintenance Mechanical Engineering","Kendal, East Java, Indonesia","2 weeks ago","On-site
                              

                              
                                Full-time
                              

                              
                                Associate","S1 Teknik Mesin dengan IPK min 3Memiliki pengalaman min 1 tahun sebagai maintenance di industri Food ManufacturingFamiliar dalam proses aktivitas maintenanceBersedia untuk bekerja dengan sistem shiftingBersedia ditempatkan di Tulang Bawang, Lampung atau Kendal, Jawa Tengah",""
"1726209716-29","https://www.linkedin.com/jobs/search/?currentJobId=3984543090&geoId=102478259&keywords=Mechanical&origin=JOB_SEARCH_PAGE_SEARCH_BUTTON&refresh=true","Drafter MechanicalDrafter Mechanical","https://www.linkedin.com/jobs/view/3992495394/?eBP=CwEAAAGR6domZVp-d3wz-pkMYB7h4SmFXmih-64_FEUtt4tI6ED3yb48P2eWPS4CKgTW3QcFKao7vYp1IdyJIUbsDkARlmRFr9ruczqgGDRUdSr_kKOOZ1fO0nPD3Llvmm9yH34ldL-5xrW9gn-lXMoLe69DAikp7zzCUPwlMM1Nmd_BKtuPl83m9nPzEo_ko5BGcoXU2XiySA2TIaK4GrArTh351RG8GjbRWGtyxP-RCdNWBsRgnn4ODEKCY56uQ81b6yfrVWuRjMgMflKyomyxeIoMAjEI7nUKl-cL5tQ0fD_1hqhDDhPvioR-5nN6G1yxFrgCJfM0gLYju-6pSuIePIERAo7GxSQn4hDsYLOIDBRb9ylHAkXkK9aDRC0Xpr081Hv_Xd7ekVhQVIog3kX55EhpBqPYfnjfC3se30ov8n6lLRYp_-clL9SY_bjKA53-b5Z4UhGcLTjq0-kejw&refId=wFPHy48gMpFtJ68hfj59tg%3D%3D&trackingId=3yDY7fTHDf3UhdYqWnT1Sw%3D%3D&trk=flagship3_search_srp_jobs","Drafter Mechanical","Gresik, East Java, Indonesia","1 month ago","On-site
                              

                              
                                Full-time
                              

                              
                                Entry level","Mengoperasikan software teknis Membuat gambar desain dan gambar kerja Membuat estimasi berat material atas gambar yang dibuat Melakukan inspeksi dan pengukuran data di lapangan apabila diperlukan",""
"1726210257-30","https://www.linkedin.com/jobs/search/?currentJobId=3984543090&geoId=102478259&keywords=Mechanical&origin=JOB_SEARCH_PAGE_SEARCH_BUTTON&refresh=true","MEKANIK - SoloMEKANIK - Solo","https://www.linkedin.com/jobs/view/3976742749/?eBP=CwEAAAGR6domZXlpntnduE1ND5jjwa3VBAHXWjtMZzEJRtp02UdmbaI7en-eVRS3C6mWBqkoV8HOYKRT9LZSn2JC6QLSo9Pz2KmT0aA6sveUj1jHUEuCtUJbBpaThpBtvFW5Fts8dg3b-ZI4wKaq4terO4huRGC49CMdWoS0Q-VZ6YyGcmgLUdtYyQD46xjXLDEsLsqMLnQC8ErzHHO8mUsoz62jHFrgvmBBKzcRgcbjYbEPhVr_gI7gurHtZah3chhM22jV0BgMrsB-Ehmy35AWysnhlxqnUGl0xcfM1Y8mscO_7nCFnROBC-GUXhjKXBnf6cFPsPJTMdqcPWkwnezYny9hUXx3QU7p_TVSMxTYGQPahMuOKx5PHo4gMcAJ7wbHcH2xm3hzbSKMwnqbdwhAnq3Ajfe3iLi54_3iReMyuz6gTYYX1E5mZUxkm95M7tVM1QuJqeFCDmfwjYwRTg&refId=wFPHy48gMpFtJ68hfj59tg%3D%3D&trackingId=GZYE3Wp9gj23AROVI%2FIORQ%3D%3D&trk=flagship3_search_srp_jobs","MEKANIK - Solo","Surakarta, Central Java, Indonesia","1 month ago","On-site
                              

                              
                                Full-time
                              

                              
                                Entry level","MEKANIK - Solo","Autodesk Inventor, CATIA, Computer-Aided Design (CAD), English, Finite Element Analysis (FEA), Maintenance, Mechanical Engineering, PTC Creo, Teamwork, and Troubleshooting"
"1726210274-31","https://www.linkedin.com/jobs/search/?currentJobId=3984543090&geoId=102478259&keywords=Mechanical&origin=JOB_SEARCH_PAGE_SEARCH_BUTTON&refresh=true","MekanikMekanik","https://www.linkedin.com/jobs/view/4022026634/?eBP=CwEAAAGR6domZc6V1iOHNv5CW8AwmxnpDxeEXuMBw8J7LVGqZC8AVC2NhHfW_AsqWXb63p8fbHNzsmH6aRjuk-eZKjYAfVSEpfzlkm9HrgXPC6xwKZpBMixMckWNFk1shPgHnxRpOhPJJD0GWBxGBq-gHqKBB-jSNooxqsZyu2kHfcaPqkPqySB2yw5J0ECop14n42RUot9e_fNOrKQM5rMYXQUqyz6m56zzQleuzda3R79JeGwtL1tCee9nWQmiwh_k8SWSeB8h1vk7c3WFd6NY33XRSbwDhKpdAvi7OyK_b7XuPy-1vzXMv48Gdz8KSbIBdnX_F4ixqgCPOq4gD7iK-565kVw7z4Y45WsQgNvaERfBh8qed23eRM7CVQ6NnjES5VBNz-Ppv0H4XzRtktQMnzO6r_TS20vjHBcccyoz43dL_aEEecvmQBEG1BU-G7orQPJwXTQmKlh5DZ0&refId=wFPHy48gMpFtJ68hfj59tg%3D%3D&trackingId=6RmdOK7iTg1xDATTqD3how%3D%3D&trk=flagship3_search_srp_jobs","Mekanik","Cirebon, West Java, Indonesia","2 days ago","On-site
                              

                              
                                Full-time
                              

                              
                                Entry level","",""
"1726210316-32","https://www.linkedin.com/jobs/search/?currentJobId=3984543090&geoId=102478259&keywords=Mechanical&origin=JOB_SEARCH_PAGE_SEARCH_BUTTON&refresh=true","HVAC Technician | Delonix Hotel KarawangHVAC Technician | Delonix Hotel Karawang","https://www.linkedin.com/jobs/view/3993362317/?eBP=CwEAAAGR6domZV7kux2pq_F_Kd2k3rweY8533sYEJMlH0SRpNS30FoDLeX_Ps9QiK7b__45kkRQ21HIlNzktlSuRdRm_mGWHiMpwkyGbMEW68nttzYllwIBaBT-_sldszIwCkG6iiWZ0RG6VMaGvyvG8S65Rs8Gl2J_VO6EbsTj8Fnzu18JADWG8TMkX9DdvaAeurhb6mEPxX77V2Y_2_dzZ7uAyqecXQmw9t0_0gaCY1lz8-6qH92YFjl7fJfufQ7mYWCnrYm96sogxyF-cnJtFgRC7DfKNpbOXXEa96WSkZm7KYyQP-WIvEP7ThkrW61Ozxwe9H2R5ekRPhn_ClUUd89LklkXs0k-NRv9V2bceOAHETr5lTOsgU38k0Tdyh6riNGCMMPpjmkZtWgEXPlEE55_MTzdOMZ1gKtratI7WRZOvqrpHsROzPRB7NBqtpDDzEH3t3fMdtAk1iY7fMA&refId=wFPHy48gMpFtJ68hfj59tg%3D%3D&trackingId=GaiuvKWgcCXWIJr8fslesg%3D%3D&trk=flagship3_search_srp_jobs","HVAC Technician | Delonix Hotel Karawang","West Karawang, West Java, Indonesia","2 months ago","On-site
                              

                              
                                Full-time
                              

                              
                                Entry level","Inspect, repair, and maintain HVAC, air quality control, and refrigeration equipment. Maintain and conduct daily inspections of the mechanical plant. Monitor and control property temperature. Monitor and analyze energy and utilities usage. Calibrate all controls, gauges, meters, and other equipment. Assemble, install, test, repair, and maintain electrical systems or electronic wiring. Assemble, install, and maintain pipe assemblies, fittings, valves, etc. Perform routine pool and spa maintenanceFollow all company and safety and security policies and procedures; report maintenance problems, safety hazards, accidents, or injuries; and complete safety training and certifications",""
"1726210850-33","https://www.linkedin.com/jobs/search/?currentJobId=3984543090&geoId=102478259&keywords=Mechanical&origin=JOB_SEARCH_PAGE_SEARCH_BUTTON&refresh=true","Mechanic, MaintenanceMechanic, Maintenance","https://www.linkedin.com/jobs/view/4001541404/?eBP=CwEAAAGR6domZVN3hofh9zYKq9jSXMAVVBDLb7ouLHkf-bRH5-js3EFOcERbv7Of_NeP55bxo3EfboNCYBz_r3SVH6-5z_-o5_IKKHQqua3RIdIiYn2URn6EgcFYO8hHJly-6I3ws9eRVKIXyP3K8hzmXuHSnjQxhqdPWgwbPZzJx4Sv0HF9BqttH3TlaRbDmtrYM_3wmu4WlKOPL3Ro382Tq7_8F2cuD41dMyUKfOT88qA9S9wT0Wlu0yqQ9omuf2nh20qr2fagNImmJPKSt1pG8o85sBTZDCWr7jxb8mcq9OQT3O_Yg7BM5BBDK29bEJ-cDVeSIu5j019TdlYn1JALaChJrCKTeHQD4Ahe_-wQ84GBuUhg1rSII_sTyViQbnNlebSNC9G2bC2W2dw_rDE8Ds93ImxNqNaM7yfkHQe9OTV3tlGE6A4n97PHfZAcUEfTp0kjms6fDOT1YyRL0oVdex6fLiig9pHN05YcLQ&refId=wFPHy48gMpFtJ68hfj59tg%3D%3D&trackingId=QedGOu2gTqiXPEoIWWOaOQ%3D%3D&trk=flagship3_search_srp_jobs","Mechanic, Maintenance","Padang, West Sumatra, Indonesia","","Hybrid
                              

                              
                                Full-time","Adjust and align machine parts.  Replace defective parts of machinery as needed.  Take apart existing machinery to clear floor space for new machinery.  Move machinery and equipment.  Repair or replace broken or malfunctioning components.  Perform tests and run initial batches to make sure that the machine is running smoothly.  Adjust and calibrate equipment and machinery to optimal specifications.",""
"1726211019-34","https://www.linkedin.com/jobs/search/?currentJobId=3984543090&geoId=102478259&keywords=Mechanical&origin=JOB_SEARCH_PAGE_SEARCH_BUTTON&refresh=true","MEKANIK - KaranganyarMEKANIK - Karanganyar","https://www.linkedin.com/jobs/view/3976742757/?eBP=CwEAAAGR6domZTbt8VQdWL-_ewcdKh9DhSpBt_38XtH9Ac32J4Igv2yczTjxQrQ2Td8oqXEZcFk51zJVfZNtC98hAYGi0S-EM-2-9ZtoSctfWYYPokBguVwc03KIrHT2g00L4rthTF9qqwja-peVHUC04PGdimyRMjfvrorAgLCX8GoG1rGWMLhj_tkMTuTDAUJQmQGnw8BsemYsB7MoToNYq5wktstWk5JHMhcD9YVvYHzzUlws9kXMXIwVk9a44k3Ibhln37Zq4ZtK1pIL3_6fbQnUTrE_fV_xQKQlIDhyf6kEx89U2OWm4PNxYgsh4o_mRVEC5jp2Fe_5RDh0LS0hlhXvfy83v0w70Xmy3QKAy6X4W08uHBTeDTfZhMaRp8rRTziJ90CKjXOWv9n6s_4u2kZ9jNof-rNiK_9cF-N74ZwunIqZ8zlUxH2Vs_2BsBtw6-7SSwH3og1dM91v82ak&refId=wFPHy48gMpFtJ68hfj59tg%3D%3D&trackingId=Fzz2ajAZyDX3bHLA1WGNDQ%3D%3D&trk=flagship3_search_srp_jobs","MEKANIK - Karanganyar","Surakarta, Central Java, Indonesia","1 month ago","On-site
                              

                              
                                Full-time
                              

                              
                                Entry level","MEKANIK - Karanganyar","Autodesk Inventor, CATIA, Computer-Aided Design (CAD), English, Maintenance, Mechanical Engineering, PTC Creo, Research Skills, Teamwork, and Troubleshooting"
"1726211059-35","https://www.linkedin.com/jobs/search/?currentJobId=3984543090&geoId=102478259&keywords=Mechanical&origin=JOB_SEARCH_PAGE_SEARCH_BUTTON&refresh=true","WelderWelder","https://www.linkedin.com/jobs/view/4000094719/?eBP=CwEAAAGR6domZesxOkEQk1vavHvj1aUpWXmezdG4qbmJBHIfyh6E1Y-XQos6gCnG49_JYDlUBO5mlkOIi1uzXNuE7fiUeQIX1XeAHs5NvaYbic1ysqUg6WkGmCBK1l9bLhypFV0uxGQQu5-Igea_cYTbanpcxdFwJ485yyvyVO_2-emNgOU5kzsyPeH04J8-lqLydWTEMVivReMu_IVx9scm90TsvwMfg8od3kWcve0Vd1Qigqu5Yt_-u7Dyd8unubOfwMUxcVnT_r9pvA4aBzwoF5-CGYnJnLj6zo-glg83xhIN75UDdlBkMog4-LLBuqgyjeby1_TJWpXjGbbP71FHFurVIbNKKs9VZNtnBFvgTMoNYkt0Jd_K0cDC7hmXjRwcR_ldxDgBEuliHEZF89g_2mwCvSihHHisbJsea7WApNKjsG03S8Z_vjHuwtMgTevxZa9ghHAb9nZwL_QjX9m1_oY0qyblPsqIh10&refId=wFPHy48gMpFtJ68hfj59tg%3D%3D&trackingId=EER7RhoUMzP9qwZKStXq0w%3D%3D&trk=flagship3_search_srp_jobs","Welder","Bandung, West Java, Indonesia","","Full-time
                              

                              
                                Associate","Capable to weld damaged components with Gas Tungsten Arc Welding (GTAW) method and to inspect the results according to the instruction and with satisfying level of quality such that the components can be returned to serviceable conditionCapable to use pneumatic-powered tools such as hand or die grinder to for surface preparation and finishing of the components, Upkeeping working environment according to the Environment, Health, and Safety (EHS) and company policyMaintaining the condition of the tools, equipment, machineries and workstation of the inspection process to improve process efficiencyIdentify and communicate deviations from the engineering specification during the process with the appropriate communication method to Supervisor, Product Engineer to determine next course of action.",""
"1726211431-36","https://www.linkedin.com/jobs/search/?currentJobId=3984543090&geoId=102478259&keywords=Mechanical&origin=JOB_SEARCH_PAGE_SEARCH_BUTTON&refresh=true","Sr. Static & Piping TechnicianSr. Static & Piping Technician","https://www.linkedin.com/jobs/view/4018868591/?eBP=CwEAAAGR6dgt_yvgY1lsO1j35rTv1dE_601snO9qsFtsXwFZPB2UyHjGfrqpELWKnhRxFEQS4Eqgcj7CR2j9HYcSweWjn5uMhfpWJOjCJS0Y2StSSj0pjDLjHTOIsNpm42slPZd0q2KuX8NTAhRUdT-Puqd_DInCnZSnU9M5oZOh50Fc4PqHxyddJCT_73DoAQv5TP2MZZQsrKM8BbovZCmV1_Yre4Diz2Oc2EpA-w6ccCCz0eppMkWm_F4d-Z3nBr0XAS52bnFH_yY2ExSZlmFIR5LZq9Mh0EiuZox9oGcAGJm-myG2t5JU83warIwhwupZTgK-bGEfE50-xnGIZ95tClhPSoGGsSBO3BIGxpNtTvglfzeovNCj43lUl6fVXAZHAx3p4wrZ4TcU5ky6qbPp34nKMEDtl1O1-8gh2wW5EepDKckn0sjggAqSvzCrZVI7y6vnpweVkd_MjOcEkrZ1sQdf-BvdHuFY4o9DSazo&refId=xL2H597r29jxClS%2B%2FbiYTw%3D%3D&trackingId=v8MX6PxirNlBR4dZ2vhIvA%3D%3D&trk=flagship3_search_srp_jobs","Sr. Static & Piping Technician","Kota Cilegon, Banten, Indonesia","6 days ago","On-site
                              

                              
                                Full-time
                              

                              
                                Associate","Reviewing construction drawing (Stationary equipment drawing, Piping drawing, etc.) construction procedure and method statementWork supervision and and Participate in the inspection and testLooking for the cases that deviated from construction specifications and proceduresSafety audit in work sitePreparing work order/ request (Maintenance Stage)Inventory/Spare parts tracking and purchase request (Maintenance Stage)Material receiving inspectionManagement of Sub-Contractor company (Maintenance Stage)Review invoice document from contracting company(Maintenance Stage)Initiate ideas to reduce maintenance costPlan and manage of Planned/ Turnaround workEducation and training to strengthen the competency of junior staff (Maintenance Stage)Plan and coordinate activities with other sections and divisions (Maintenance Stage)Maintain the maintenance record in the system (Maintenance Stage)Respond to emergency situations if required (Maintenance Stage)","Gas Plants, Mechanical Engineering, Petrochemicals, and Piping"
"1726211473-37","https://www.linkedin.com/jobs/search/?currentJobId=3984543090&geoId=102478259&keywords=Mechanical&origin=JOB_SEARCH_PAGE_SEARCH_BUTTON&refresh=true","Maintenance-TechnicianMaintenance-Technician","https://www.linkedin.com/jobs/view/4019487611/?eBP=CwEAAAGR6dgt_puvjlsAWNYjTjLW23-wgC-L4pinpJNKysCCouX4u9EL3OssLe2430tyfA4TTjlnIw9a6Q1KEr7EpjfKLzsO_cWbmVC-7LT-poLPwbLjf3ePY9egLHNt88wSVj3FINnnQXaGzBmpsXMkTS4YPAhMOgXi6lp9SRG7z9HP-YfDRJ9KAoW14Z_Xs7R3yc1CM01wMSlZ6tLc_w0i2RHIiPaexXRTPt_oQL_iImPXOXcLOS7ppdVMDkkGKO3TE1lNr5aTWS8AP1lSkWkOMK2dNgESmnR_fScRBF5K43m7rNqU-RELjmMMNnHjkH_3kUjS0IS7Vj1jK3nJiyGPVDCPMvD0OyC7Lrw23icsw9pcxOGsEx4zf0s6UuY_w3btIklJfp0UCeDoZ5GAP6bFgS59we0bPl5kx5Mu1SpvFJYrveF7Gjfev7IwBLYyNuxqkX3v8Q-3oVXUJPKvT1YIW4AugAKDwnPJDip2yCsr&refId=xL2H597r29jxClS%2B%2FbiYTw%3D%3D&trackingId=Sca2CFnIKS7zAvvKfBXfuA%3D%3D&trk=flagship3_search_srp_jobs","Maintenance-Technician","Jakarta, Jakarta, Indonesia","6 days ago","Temporary","",""
"1726211695-38","https://www.linkedin.com/jobs/search/?currentJobId=3984543090&geoId=102478259&keywords=Mechanical&origin=JOB_SEARCH_PAGE_SEARCH_BUTTON&refresh=true","NDT Multi TechnicianNDT Multi Technician","https://www.linkedin.com/jobs/view/4002936801/?eBP=CwEAAAGR6dgt_pMUhnCU1qqq0n127tJ5jOjpwqPUobC-xwvylS4rl5svVFgffgiEhtgWvE7I8zYzt88txvnwBuVtM1GFbI-iauniVL8C_jZTLExNbFSRKjY7V8SCr66EiNKUQlbBrD3cQCIXlHX-6i6HVhogUy3eZBts5LD0TaD1_rlNZtGXvUIzidT1ewKFn1tihYOezMK8ndqBrySvfNtnWTPCA4-1hvN2bhGUSbfY9KjpCwjQPhbqgiDW4pBnpvMUwrtP-9zc-YsJH6P3wFuB9_moRk_70DjSL4-4n88nrCqXBDocWQNfk4ncgcveMXtjxslT9gUGIapvCLMqWY-viRivSfaBFnKCP2n_Wx8IbbrZChxXiB6CwkA23slXESD8ZT9PjgFJK_nMcAQ5PwwxmWU7nBzioaC3TsBdpj6hXikPbgDuTcEBxh1ma0bAl--sBck9IMjKP7Cs6jS5yJ2jzNsTPiZnVBypacb2JKEV&refId=xL2H597r29jxClS%2B%2FbiYTw%3D%3D&trackingId=LwHD4Ik%2BsoEumig9hRg9aw%3D%3D&trk=flagship3_search_srp_jobs","NDT Multi Technician","Jakarta, Indonesia","3 weeks ago","On-site
                              

                              
                                Full-time
                              

                              
                                Mid-Senior level","To support the operation department with designated NDT scope of workTo maintain health and safety standard within the SSI HSEQ department","ASNT, Corrosion, Eddy Current, Magnetic Particle, Magnetic Particle Testing, Nondestructive Testing (NDT), Quality Control, Ultrasonic Testing, Welding, and Work Instructions"
