web-scraper-order,web-scraper-start-url,link,link-href,linked,linked-href,Job Title,Company,Time,Job Desc,Kualifikasi
"1726207267-1","https://id.jobstreet.com/id/mechanical-jobs","3","https://id.jobstreet.com/id/mechanical-jobs?page=3","","https://id.jobstreet.com/id/job/78118701?type=standout&ref=search-standalone&origin=jobCard#sol=b6ad4d38ec836a94c9a80579e4f0defc90c96c75","MECHANICAL ENGINEERING","PT. WAI HING INDUSTRIAL INDONESIA","Full time","",""
"1726207269-2","https://id.jobstreet.com/id/mechanical-jobs","3","https://id.jobstreet.com/id/mechanical-jobs?page=3","","https://id.jobstreet.com/id/job/78639650?type=standard&ref=search-standalone&origin=jobCard#sol=0d60198153e89ed70aecd8e8da562218a8385b2f","Mechanical Desain Engineer","PT Mitra Karya Sarana","Full time","",""
"1726207272-3","https://id.jobstreet.com/id/mechanical-jobs","3","https://id.jobstreet.com/id/mechanical-jobs?page=3","","https://id.jobstreet.com/id/job/78696054?type=standout&ref=search-standalone&origin=jobCard#sol=bc7ff833e7c04bdc166467f951d014247e5cd159","Mechanical Technician Leading Hand","PT Sinar Meadow International Indonesia","Full time","",""
"1726207274-4","https://id.jobstreet.com/id/mechanical-jobs","3","https://id.jobstreet.com/id/mechanical-jobs?page=3","","https://id.jobstreet.com/id/job/78653679?type=standout&ref=search-standalone&origin=jobCard#sol=770b17620397091d63f01f29650ea1d986aef1d9","Project Manager for Electrical, Civil, Piping & Mechanical Erection","PT Sepuluh Sumber Anugrah","Full time","",""
"1726207276-5","https://id.jobstreet.com/id/mechanical-jobs","3","https://id.jobstreet.com/id/mechanical-jobs?page=3","","https://id.jobstreet.com/id/job/78638833?type=standout&ref=search-standalone&origin=jobCard#sol=5c067b4a2be0e548db0a4e42ae9f0e16f03191a9","INDUSTRIAL ENGINEER","PT Mattel Indonesia","Full time","",""
"1726207278-6","https://id.jobstreet.com/id/mechanical-jobs","3","https://id.jobstreet.com/id/mechanical-jobs?page=3","","https://id.jobstreet.com/id/job/78742106?type=standout&ref=search-standalone&origin=jobCard#sol=5684b7360ed2ffe264a598652c0d2dcfa327802a","Manager HVAC Engineer Data center","PT YPTT Solutions Indonesia","Full time","",""
"1726207281-7","https://id.jobstreet.com/id/mechanical-jobs","3","https://id.jobstreet.com/id/mechanical-jobs?page=3","","https://id.jobstreet.com/id/job/78814528?type=standout&ref=search-standalone&origin=jobCard#sol=077b915d9e48bf26bcb3423d07362ad49e318e9a","3D Product Design Staff - Footwear Design","PT. framas Indonesia","Full time","",""
"1726207283-8","https://id.jobstreet.com/id/mechanical-jobs","3","https://id.jobstreet.com/id/mechanical-jobs?page=3","","https://id.jobstreet.com/id/job/78752753?type=standard&ref=search-standalone&origin=jobCard#sol=02853d923ba9f4db6203defdcfc31df2700c489a","Sales Mechanical & Electrical","","Full time","",""
"1726207286-9","https://id.jobstreet.com/id/mechanical-jobs","3","https://id.jobstreet.com/id/mechanical-jobs?page=3","","https://id.jobstreet.com/id/job/78685291?type=standout&ref=search-standalone&origin=jobCard#sol=82196439544b73d224e33e49a1b2ccc28194614e","Maintenance Technician/ Engineering","Tuan Nagani Paradise","Kontrak","",""
"1726207288-10","https://id.jobstreet.com/id/mechanical-jobs","3","https://id.jobstreet.com/id/mechanical-jobs?page=3","","https://id.jobstreet.com/id/job/78679520?type=standout&ref=search-standalone&origin=jobCard#sol=61aae95fa8b4bf33dfca549128c2a6d64dafa730","MECHANICAL ENGINEER (MAINTENANCE)","PT Cleanvy Asalta Indonesia","Full time","",""
"1726207290-11","https://id.jobstreet.com/id/mechanical-jobs","3","https://id.jobstreet.com/id/mechanical-jobs?page=3","","https://id.jobstreet.com/id/job/78680489?type=standout&ref=search-standalone&origin=jobCard#sol=f70e998a70d3817b271bdf61ea55129f9a498fa7","Supervisor Maintenance","PT Vaksindo Satwa Nusantara","Full time","",""
"1726207293-12","https://id.jobstreet.com/id/mechanical-jobs","3","https://id.jobstreet.com/id/mechanical-jobs?page=3","","https://id.jobstreet.com/id/job/78558124?type=standout&ref=search-standalone&origin=jobCard#sol=3e1959e5193674107bc992df77f91d7e2b6ab439","MEP ASSISTANT MANAGER (Mechanical,Electrical,Plumbing)","PT PANCA TERANG ABADI","Full time","",""
"1726207295-13","https://id.jobstreet.com/id/mechanical-jobs","3","https://id.jobstreet.com/id/mechanical-jobs?page=3","","https://id.jobstreet.com/id/job/78771325?type=standout&ref=search-standalone&origin=jobCard#sol=69c0b92ecde868c37d8449a584a52b58859cc46e","Operation and Maintenance Manager","PT Cipta Karya Technology","Full time","",""
"1726207298-14","https://id.jobstreet.com/id/mechanical-jobs","3","https://id.jobstreet.com/id/mechanical-jobs?page=3","","https://id.jobstreet.com/id/job/78746996?type=standout&ref=search-standalone&origin=jobCard#sol=0eebdacab8aac46ee6314c6c619f33d47199b099","MAINTENANCE & PROGRAMER","PT SMT Indonesia","Kontrak","",""
"1726207300-15","https://id.jobstreet.com/id/mechanical-jobs","3","https://id.jobstreet.com/id/mechanical-jobs?page=3","","https://id.jobstreet.com/id/job/78713135?type=standout&ref=search-standalone&origin=jobCard#sol=0e03aadd621cc072844f185c2b02d6f2cf219cb4","Mechanical Supervisor & PPIC","PT Weltes Energi Nusantara","Full time","",""
"1726207302-16","https://id.jobstreet.com/id/mechanical-jobs","3","https://id.jobstreet.com/id/mechanical-jobs?page=3","","https://id.jobstreet.com/id/job/78329860?type=standout&ref=search-standalone&origin=jobCard#sol=bc3bdbc3c5590aad88c47dade935e38f9da68ded","Turbomachinery Technical Expert","PT MAN Energy Solutions Indonesia - Surabaya","Full time","",""
"1726207305-17","https://id.jobstreet.com/id/mechanical-jobs","3","https://id.jobstreet.com/id/mechanical-jobs?page=3","","https://id.jobstreet.com/id/job/78758209?type=standout&ref=search-standalone&origin=jobCard#sol=abf120e9b6e22d48481269477b2685687f54ba8c","Fitment Technician Manager (GPS Tracking System & IoT)","Cartrack","Full time","",""
"1726207307-18","https://id.jobstreet.com/id/mechanical-jobs","3","https://id.jobstreet.com/id/mechanical-jobs?page=3","","https://id.jobstreet.com/id/job/78713156?type=standard&ref=search-standalone&origin=jobCard#sol=ba1cdd12bdad6f9c4d1def5da689f2a29f707bde","Asisstant Manager Maintenance","PT Karunia Berca Indonesia","Kasual","",""
"1726207309-19","https://id.jobstreet.com/id/mechanical-jobs","3","https://id.jobstreet.com/id/mechanical-jobs?page=3","","https://id.jobstreet.com/id/job/78245234?type=standout&ref=search-standalone&origin=jobCard#sol=e63d03455268e4e3dc2e798fe3b47ddd584c00a5","Mechanical Engineering (Spray Drying)","PT Aloe Vera Indonesia","Full time","Minimum D3 or S1 in Mechanical or Industrial Engineering or equivalent.",""
"1726207309-20","https://id.jobstreet.com/id/mechanical-jobs","3","https://id.jobstreet.com/id/mechanical-jobs?page=3","","https://id.jobstreet.com/id/job/78245234?type=standout&ref=search-standalone&origin=jobCard#sol=e63d03455268e4e3dc2e798fe3b47ddd584c00a5","Mechanical Engineering (Spray Drying)","PT Aloe Vera Indonesia","Full time","Minimum working experience of 2 years in the related field.",""
"1726207309-21","https://id.jobstreet.com/id/mechanical-jobs","3","https://id.jobstreet.com/id/mechanical-jobs?page=3","","https://id.jobstreet.com/id/job/78245234?type=standout&ref=search-standalone&origin=jobCard#sol=e63d03455268e4e3dc2e798fe3b47ddd584c00a5","Mechanical Engineering (Spray Drying)","PT Aloe Vera Indonesia","Full time","Good understanding English in writing and speaking as well as computer illiterate.",""
"1726207309-22","https://id.jobstreet.com/id/mechanical-jobs","3","https://id.jobstreet.com/id/mechanical-jobs?page=3","","https://id.jobstreet.com/id/job/78245234?type=standout&ref=search-standalone&origin=jobCard#sol=e63d03455268e4e3dc2e798fe3b47ddd584c00a5","Mechanical Engineering (Spray Drying)","PT Aloe Vera Indonesia","Full time","Good leadership and analytical thinking.",""
"1726207309-23","https://id.jobstreet.com/id/mechanical-jobs","3","https://id.jobstreet.com/id/mechanical-jobs?page=3","","https://id.jobstreet.com/id/job/78245234?type=standout&ref=search-standalone&origin=jobCard#sol=e63d03455268e4e3dc2e798fe3b47ddd584c00a5","Mechanical Engineering (Spray Drying)","PT Aloe Vera Indonesia","Full time","","Equipment Design and Maintenance: Mechanical engineers are responsible for designing, selecting, and maintaining the spray drying equipment. This includes working with vendors to procure suitable equipment, overseeing installation, and ensuring that the machinery functions optimally."
"1726207309-24","https://id.jobstreet.com/id/mechanical-jobs","3","https://id.jobstreet.com/id/mechanical-jobs?page=3","","https://id.jobstreet.com/id/job/78245234?type=standout&ref=search-standalone&origin=jobCard#sol=e63d03455268e4e3dc2e798fe3b47ddd584c00a5","Mechanical Engineering (Spray Drying)","PT Aloe Vera Indonesia","Full time","","Process Optimization: They work to optimize the spray drying process parameters to achieve the desired product quality, particle size, and yield. This involves adjusting variables like inlet temperature, feed rate, atomization pressure, and air flow."
"1726207309-25","https://id.jobstreet.com/id/mechanical-jobs","3","https://id.jobstreet.com/id/mechanical-jobs?page=3","","https://id.jobstreet.com/id/job/78245234?type=standout&ref=search-standalone&origin=jobCard#sol=e63d03455268e4e3dc2e798fe3b47ddd584c00a5","Mechanical Engineering (Spray Drying)","PT Aloe Vera Indonesia","Full time","","Troubleshooting and Problem Solving: When operational issues arise, senior engineers diagnose problems in the spray drying process and equipment. They develop effective solutions to address issues such as clogging, uneven drying, or poor powder quality."
"1726207309-26","https://id.jobstreet.com/id/mechanical-jobs","3","https://id.jobstreet.com/id/mechanical-jobs?page=3","","https://id.jobstreet.com/id/job/78245234?type=standout&ref=search-standalone&origin=jobCard#sol=e63d03455268e4e3dc2e798fe3b47ddd584c00a5","Mechanical Engineering (Spray Drying)","PT Aloe Vera Indonesia","Full time","","Quality Control: Senior mechanical engineers collaborate with quality control teams to ensure that the spray-dried products meet the required specifications and quality standards. They may implement monitoring systems and perform regular quality checks."
"1726207309-27","https://id.jobstreet.com/id/mechanical-jobs","3","https://id.jobstreet.com/id/mechanical-jobs?page=3","","https://id.jobstreet.com/id/job/78245234?type=standout&ref=search-standalone&origin=jobCard#sol=e63d03455268e4e3dc2e798fe3b47ddd584c00a5","Mechanical Engineering (Spray Drying)","PT Aloe Vera Indonesia","Full time","","Safety Compliance: They ensure that the spray drying process adheres to safety regulations and guidelines. This involves identifying potential safety hazards and implementing measures to mitigate risks associated with equipment operation and maintenance."
"1726207309-28","https://id.jobstreet.com/id/mechanical-jobs","3","https://id.jobstreet.com/id/mechanical-jobs?page=3","","https://id.jobstreet.com/id/job/78245234?type=standout&ref=search-standalone&origin=jobCard#sol=e63d03455268e4e3dc2e798fe3b47ddd584c00a5","Mechanical Engineering (Spray Drying)","PT Aloe Vera Indonesia","Full time","","Maintenance Planning: Engineers develop and oversee maintenance schedules for spray drying equipment. Regular maintenance activities, such as cleaning, lubrication, and parts replacement, are crucial to preventing breakdowns and ensuring consistent performance."
"1726207309-29","https://id.jobstreet.com/id/mechanical-jobs","3","https://id.jobstreet.com/id/mechanical-jobs?page=3","","https://id.jobstreet.com/id/job/78245234?type=standout&ref=search-standalone&origin=jobCard#sol=e63d03455268e4e3dc2e798fe3b47ddd584c00a5","Mechanical Engineering (Spray Drying)","PT Aloe Vera Indonesia","Full time","","Process Documentation: They maintain accurate records of process parameters, maintenance activities, and any modifications made to the equipment or process. This documentation helps with troubleshooting, quality control, and regulatory compliance."
"1726207309-30","https://id.jobstreet.com/id/mechanical-jobs","3","https://id.jobstreet.com/id/mechanical-jobs?page=3","","https://id.jobstreet.com/id/job/78245234?type=standout&ref=search-standalone&origin=jobCard#sol=e63d03455268e4e3dc2e798fe3b47ddd584c00a5","Mechanical Engineering (Spray Drying)","PT Aloe Vera Indonesia","Full time","","Continuous Improvement: Senior engineers lead efforts to improve the efficiency, productivity, and reliability of the spray drying process. They identify areas for optimization, propose modifications, and implement enhancements to streamline operations."
"1726207309-31","https://id.jobstreet.com/id/mechanical-jobs","3","https://id.jobstreet.com/id/mechanical-jobs?page=3","","https://id.jobstreet.com/id/job/78245234?type=standout&ref=search-standalone&origin=jobCard#sol=e63d03455268e4e3dc2e798fe3b47ddd584c00a5","Mechanical Engineering (Spray Drying)","PT Aloe Vera Indonesia","Full time","","Team Leadership and Training: They may lead a team of mechanical engineers, technicians, and operators. Senior engineers provide guidance, training, and mentorship to ensure that the team performs tasks effectively and safely."
"1726207309-32","https://id.jobstreet.com/id/mechanical-jobs","3","https://id.jobstreet.com/id/mechanical-jobs?page=3","","https://id.jobstreet.com/id/job/78245234?type=standout&ref=search-standalone&origin=jobCard#sol=e63d03455268e4e3dc2e798fe3b47ddd584c00a5","Mechanical Engineering (Spray Drying)","PT Aloe Vera Indonesia","Full time","","New Technology Implementation: Engineers stay informed about advancements in spray drying technology and related equipment. They assess the feasibility of adopting new technologies and techniques to enhance the factory's capabilities."
"1726207309-33","https://id.jobstreet.com/id/mechanical-jobs","3","https://id.jobstreet.com/id/mechanical-jobs?page=3","","https://id.jobstreet.com/id/job/78245234?type=standout&ref=search-standalone&origin=jobCard#sol=e63d03455268e4e3dc2e798fe3b47ddd584c00a5","Mechanical Engineering (Spray Drying)","PT Aloe Vera Indonesia","Full time","","Energy Efficiency: They work to minimize energy consumption and operational costs associated with the spray drying process. This might involve optimizing thermal efficiency, air circulation, and heat recovery systems."
"1726207309-34","https://id.jobstreet.com/id/mechanical-jobs","3","https://id.jobstreet.com/id/mechanical-jobs?page=3","","https://id.jobstreet.com/id/job/78245234?type=standout&ref=search-standalone&origin=jobCard#sol=e63d03455268e4e3dc2e798fe3b47ddd584c00a5","Mechanical Engineering (Spray Drying)","PT Aloe Vera Indonesia","Full time","","Environmental Considerations: Engineers may focus on reducing the environmental impact of the spray drying process by implementing strategies to minimize emissions, waste generation, and resource consumption."
"1726207312-35","https://id.jobstreet.com/id/mechanical-jobs","3","https://id.jobstreet.com/id/mechanical-jobs?page=3","","https://id.jobstreet.com/id/job/78728658?type=standout&ref=search-standalone&origin=jobCard#sol=b3f5986122df96de9a2e9817368eda74cc2fdb6b","Test Engineer","PT Excelitas Technologies Batam","Full time","",""
"1726207314-36","https://id.jobstreet.com/id/mechanical-jobs","3","https://id.jobstreet.com/id/mechanical-jobs?page=3","","https://id.jobstreet.com/id/job/78778994?type=standout&ref=search-standalone&origin=jobCard#sol=f74b629c1e55013f039a08b914d4f01f9841a6e1","PROJECT ENGINEERS - ELECTRICAL","PT SECM TECH INDONESIA","Full time","",""
"1726207316-37","https://id.jobstreet.com/id/mechanical-jobs","3","https://id.jobstreet.com/id/mechanical-jobs?page=3","","https://id.jobstreet.com/id/job/78559666?type=standout&ref=search-standalone&origin=jobCard#sol=7734562873be1ee35c72f3d87cb951c0f192be14","MT Mechanical Engineering","PT Formosa Bag Indonesia","Full time","",""
"1726207319-38","https://id.jobstreet.com/id/mechanical-jobs","3","https://id.jobstreet.com/id/mechanical-jobs?page=3","","https://id.jobstreet.com/id/job/78697384?type=standout&ref=search-standalone&origin=jobCard#sol=e37c4c82177729583ce44dae0511eb8b1765031d","Mechanical ( Elektrikal, Bubut, Frais & Las)","Bengkel Mesin Garuda","Kontrak","",""
"1726207321-39","https://id.jobstreet.com/id/mechanical-jobs","3","https://id.jobstreet.com/id/mechanical-jobs?page=3","","https://id.jobstreet.com/id/job/78756300?type=standard&ref=search-standalone&origin=jobCard#sol=cea8797ed55e3b58d6f59bb09222084c4584cf3d","Assistant Manager Engineer","PT Suprabakti Mandiri","Full time","",""
"1726207323-40","https://id.jobstreet.com/id/mechanical-jobs","3","https://id.jobstreet.com/id/mechanical-jobs?page=3","","https://id.jobstreet.com/id/job/78715674?type=standard&ref=search-standalone&origin=jobCard#sol=10dbebeb4ae5236597b21decd532c3c401deb47e","Commissioning/Field Engineer","PT Multikarya Asia Pasifik Raya","Full time","",""
"1726207326-41","https://id.jobstreet.com/id/mechanical-jobs","3","https://id.jobstreet.com/id/mechanical-jobs?page=3","","https://id.jobstreet.com/id/job/78745654?type=standout&ref=search-standalone&origin=jobCard#sol=4fb7c9d6ff19e9d095088430467a467a4f78dbf3","Support Engineer","PT Lancar Makmur Sejahtera","Full time","",""
"1726207328-42","https://id.jobstreet.com/id/mechanical-jobs","3","https://id.jobstreet.com/id/mechanical-jobs?page=3","","https://id.jobstreet.com/id/job/78755838?type=standard&ref=search-standalone&origin=jobCard#sol=c855a7616c3e81d9a8ef20809d16ad919e5378b6","Engineer Utility / Auxiliary","PT Suprabakti Mandiri","Full time","",""
"1726207330-43","https://id.jobstreet.com/id/mechanical-jobs","3","https://id.jobstreet.com/id/mechanical-jobs?page=3","","https://id.jobstreet.com/id/job/78739050?type=standard&ref=search-standalone&origin=jobCard#sol=a56031d909fb11edc9b42778c1f46187971fb1ba","Supervisor Production","PT SHARP Electronics Indonesia","Kontrak","",""
"1726207333-44","https://id.jobstreet.com/id/mechanical-jobs","3","https://id.jobstreet.com/id/mechanical-jobs?page=3","","https://id.jobstreet.com/id/job/78620303?type=standard&ref=search-standalone&origin=jobCard#sol=86aa3e28584a7c10bd5fcd296732b259b0ff75bf","Mechanical Engineer","PT Memiontec Indonesia","Full time","",""
"1726207335-45","https://id.jobstreet.com/id/mechanical-jobs","3","https://id.jobstreet.com/id/mechanical-jobs?page=3","","https://id.jobstreet.com/id/job/78710788?type=standard&ref=search-standalone&origin=jobCard#sol=c047a147058821c935d740bfed127e68f0abb748","Maintenance Supervisor","PT Indolakto - Indofood CBP (INDOMILK)","Full time","",""
"1726207338-46","https://id.jobstreet.com/id/mechanical-jobs","3","https://id.jobstreet.com/id/mechanical-jobs?page=3","","https://id.jobstreet.com/id/job/78742954?type=standout&ref=search-standalone&origin=jobCard#sol=8b94db1de05968e1835ede6157fc18190c71cb0d","Process Engineer","PT Excelitas Technologies Batam","Full time","",""
"1726207340-47","https://id.jobstreet.com/id/mechanical-jobs","3","https://id.jobstreet.com/id/mechanical-jobs?page=3","","https://id.jobstreet.com/id/job/78757682?type=standout&ref=search-standalone&origin=jobCard#sol=6873246e61914e4913bbd8f531fe8a892fa84ddf","Machine Technician","Pengiklan Anonim","Full time","D3 / S1 graduate in mechanical engineering",""
"1726207340-48","https://id.jobstreet.com/id/mechanical-jobs","3","https://id.jobstreet.com/id/mechanical-jobs?page=3","","https://id.jobstreet.com/id/job/78757682?type=standout&ref=search-standalone&origin=jobCard#sol=6873246e61914e4913bbd8f531fe8a892fa84ddf","Machine Technician","Pengiklan Anonim","Full time","Maximum age 35 years",""
"1726207340-49","https://id.jobstreet.com/id/mechanical-jobs","3","https://id.jobstreet.com/id/mechanical-jobs?page=3","","https://id.jobstreet.com/id/job/78757682?type=standout&ref=search-standalone&origin=jobCard#sol=6873246e61914e4913bbd8f531fe8a892fa84ddf","Machine Technician","Pengiklan Anonim","Full time","Have a minimum of 3 years experience in industrial machinery with expertise in machine electricity, electric motors, PLC, thermal, induction and sensor.",""
"1726207340-50","https://id.jobstreet.com/id/mechanical-jobs","3","https://id.jobstreet.com/id/mechanical-jobs?page=3","","https://id.jobstreet.com/id/job/78757682?type=standout&ref=search-standalone&origin=jobCard#sol=6873246e61914e4913bbd8f531fe8a892fa84ddf","Machine Technician","Pengiklan Anonim","Full time","Have the ability to work with high accuracy and problem solving",""
"1726207340-51","https://id.jobstreet.com/id/mechanical-jobs","3","https://id.jobstreet.com/id/mechanical-jobs?page=3","","https://id.jobstreet.com/id/job/78757682?type=standout&ref=search-standalone&origin=jobCard#sol=6873246e61914e4913bbd8f531fe8a892fa84ddf","Machine Technician","Pengiklan Anonim","Full time","Can work individually and in a team",""
"1726207340-52","https://id.jobstreet.com/id/mechanical-jobs","3","https://id.jobstreet.com/id/mechanical-jobs?page=3","","https://id.jobstreet.com/id/job/78757682?type=standout&ref=search-standalone&origin=jobCard#sol=6873246e61914e4913bbd8f531fe8a892fa84ddf","Machine Technician","Pengiklan Anonim","Full time","Willing to be placed in Sidoarjo and undertake business trips",""
"1726207364-53","https://id.jobstreet.com/id/mechanical-jobs","2","https://id.jobstreet.com/id/mechanical-jobs?page=2","","https://id.jobstreet.com/id/job/78724662?type=standout&ref=search-standalone&origin=jobCard#sol=d7b7e31566a45f155354accc8d8a02827f5bf030","Staff Production Engineering (Mechatronic)","PT Yamaha Motor Electronics Indonesia","Full time","Make Internal MPL, QCPC, Operation Standard, Check Sheet, Raw Material List, Consumables List, Spare part list, Machine Operation Procedure, and support Education to Production.",""
"1726207364-54","https://id.jobstreet.com/id/mechanical-jobs","2","https://id.jobstreet.com/id/mechanical-jobs?page=2","","https://id.jobstreet.com/id/job/78724662?type=standout&ref=search-standalone&origin=jobCard#sol=d7b7e31566a45f155354accc8d8a02827f5bf030","Staff Production Engineering (Mechatronic)","PT Yamaha Motor Electronics Indonesia","Full time","Checking and controlling process base on drawing.",""
"1726207364-55","https://id.jobstreet.com/id/mechanical-jobs","2","https://id.jobstreet.com/id/mechanical-jobs?page=2","","https://id.jobstreet.com/id/job/78724662?type=standout&ref=search-standalone&origin=jobCard#sol=d7b7e31566a45f155354accc8d8a02827f5bf030","Staff Production Engineering (Mechatronic)","PT Yamaha Motor Electronics Indonesia","Full time","Make layout for new line & new machine.",""
"1726207364-56","https://id.jobstreet.com/id/mechanical-jobs","2","https://id.jobstreet.com/id/mechanical-jobs?page=2","","https://id.jobstreet.com/id/job/78724662?type=standout&ref=search-standalone&origin=jobCard#sol=d7b7e31566a45f155354accc8d8a02827f5bf030","Staff Production Engineering (Mechatronic)","PT Yamaha Motor Electronics Indonesia","Full time","Design jig and equipment for safety, capacity and quality up.",""
"1726207364-57","https://id.jobstreet.com/id/mechanical-jobs","2","https://id.jobstreet.com/id/mechanical-jobs?page=2","","https://id.jobstreet.com/id/job/78724662?type=standout&ref=search-standalone&origin=jobCard#sol=d7b7e31566a45f155354accc8d8a02827f5bf030","Staff Production Engineering (Mechatronic)","PT Yamaha Motor Electronics Indonesia","Full time","Trial new models, localization, new machine and jig.",""
"1726207364-58","https://id.jobstreet.com/id/mechanical-jobs","2","https://id.jobstreet.com/id/mechanical-jobs?page=2","","https://id.jobstreet.com/id/job/78724662?type=standout&ref=search-standalone&origin=jobCard#sol=d7b7e31566a45f155354accc8d8a02827f5bf030","Staff Production Engineering (Mechatronic)","PT Yamaha Motor Electronics Indonesia","Full time","Monthly loading capacity calculation and countermeasure base on maintain cycle time.",""
"1726207364-59","https://id.jobstreet.com/id/mechanical-jobs","2","https://id.jobstreet.com/id/mechanical-jobs?page=2","","https://id.jobstreet.com/id/job/78724662?type=standout&ref=search-standalone&origin=jobCard#sol=d7b7e31566a45f155354accc8d8a02827f5bf030","Staff Production Engineering (Mechatronic)","PT Yamaha Motor Electronics Indonesia","Full time","","(D3) Diploma graduation from engineering academy majoring MECHANTRONICS, DESIGN ENGINEERING, MANUFACTURE"
"1726207364-60","https://id.jobstreet.com/id/mechanical-jobs","2","https://id.jobstreet.com/id/mechanical-jobs?page=2","","https://id.jobstreet.com/id/job/78724662?type=standout&ref=search-standalone&origin=jobCard#sol=d7b7e31566a45f155354accc8d8a02827f5bf030","Staff Production Engineering (Mechatronic)","PT Yamaha Motor Electronics Indonesia","Full time","","Have Skill in PLC, Electrical wiring diagram, Drawing 2D / 3D"
"1726207364-61","https://id.jobstreet.com/id/mechanical-jobs","2","https://id.jobstreet.com/id/mechanical-jobs?page=2","","https://id.jobstreet.com/id/job/78724662?type=standout&ref=search-standalone&origin=jobCard#sol=d7b7e31566a45f155354accc8d8a02827f5bf030","Staff Production Engineering (Mechatronic)","PT Yamaha Motor Electronics Indonesia","Full time","","Passed academic test, psychology test & interview test in PT. YEID"
"1726207366-62","https://id.jobstreet.com/id/mechanical-jobs","2","https://id.jobstreet.com/id/mechanical-jobs?page=2","","https://id.jobstreet.com/id/job/78741071?type=standout&ref=search-standalone&origin=jobCard#sol=b3c78400dd5b3b0123345ffbc58c246774f58a6f","Project Supervision (English Speaker)","KKV INTERNATIONAL INDONESIA","Full time","Lead Project Excellence: Oversee project performance, construction progress, and quality standards. Take charge of mid-term and final acceptance phases, generate comprehensive acceptance reports, and ensure all issues are addressed to achieve successful project delivery.",""
"1726207366-63","https://id.jobstreet.com/id/mechanical-jobs","2","https://id.jobstreet.com/id/mechanical-jobs?page=2","","https://id.jobstreet.com/id/job/78741071?type=standout&ref=search-standalone&origin=jobCard#sol=b3c78400dd5b3b0123345ffbc58c246774f58a6f","Project Supervision (English Speaker)","KKV INTERNATIONAL INDONESIA","Full time","Crisis Management: Handle on-site emergencies with agility and efficiency. Manage both internal and external communications, ensuring smooth coordination and stability throughout the project's lifecycle.",""
"1726207366-64","https://id.jobstreet.com/id/mechanical-jobs","2","https://id.jobstreet.com/id/mechanical-jobs?page=2","","https://id.jobstreet.com/id/job/78741071?type=standout&ref=search-standalone&origin=jobCard#sol=b3c78400dd5b3b0123345ffbc58c246774f58a6f","Project Supervision (English Speaker)","KKV INTERNATIONAL INDONESIA","Full time","Quality Assurance: Address and rectify construction issues that impact timeliness and quality. Track and ensure effective implementation of all corrective actions.",""
"1726207366-65","https://id.jobstreet.com/id/mechanical-jobs","2","https://id.jobstreet.com/id/mechanical-jobs?page=2","","https://id.jobstreet.com/id/job/78741071?type=standout&ref=search-standalone&origin=jobCard#sol=b3c78400dd5b3b0123345ffbc58c246774f58a6f","Project Supervision (English Speaker)","KKV INTERNATIONAL INDONESIA","Full time","Pre-Settlement Coordination: Initiate and prepare all necessary documentation for project pre-settlement approvals. This includes mid-term acceptance reports, quality inspections, budget adjustments, and final acceptance forms.",""
"1726207366-66","https://id.jobstreet.com/id/mechanical-jobs","2","https://id.jobstreet.com/id/mechanical-jobs?page=2","","https://id.jobstreet.com/id/job/78741071?type=standout&ref=search-standalone&origin=jobCard#sol=b3c78400dd5b3b0123345ffbc58c246774f58a6f","Project Supervision (English Speaker)","KKV INTERNATIONAL INDONESIA","Full time","","Educational Background: Bachelor’s degree or higher in civil engineering, mechanical and electrical engineering, or related fields. Exceptional candidates with relevant experience may be considered."
"1726207366-67","https://id.jobstreet.com/id/mechanical-jobs","2","https://id.jobstreet.com/id/mechanical-jobs?page=2","","https://id.jobstreet.com/id/job/78741071?type=standout&ref=search-standalone&origin=jobCard#sol=b3c78400dd5b3b0123345ffbc58c246774f58a6f","Project Supervision (English Speaker)","KKV INTERNATIONAL INDONESIA","Full time","","Professional Experience: Minimum of 3 years in project management within chain industries. Experience with international chain enterprises is a strong plus."
"1726207366-68","https://id.jobstreet.com/id/mechanical-jobs","2","https://id.jobstreet.com/id/mechanical-jobs?page=2","","https://id.jobstreet.com/id/job/78741071?type=standout&ref=search-standalone&origin=jobCard#sol=b3c78400dd5b3b0123345ffbc58c246774f58a6f","Project Supervision (English Speaker)","KKV INTERNATIONAL INDONESIA","Full time","","Technical Proficiency: Skilled in CAD and Office software. Extensive experience in project site management, pre-settlement/visa management, and a solid understanding of decoration construction processes, including mechanical, electrical, air conditioning, fire protection, and relevant industry standards."
"1726207366-69","https://id.jobstreet.com/id/mechanical-jobs","2","https://id.jobstreet.com/id/mechanical-jobs?page=2","","https://id.jobstreet.com/id/job/78741071?type=standout&ref=search-standalone&origin=jobCard#sol=b3c78400dd5b3b0123345ffbc58c246774f58a6f","Project Supervision (English Speaker)","KKV INTERNATIONAL INDONESIA","Full time","","Key Attributes: Detail-oriented with a rigorous approach to work, strong sense of responsibility, and the ability to perform under pressure. Excellent communication and organizational skills are essential, along with a readiness to travel frequently."
"1726207368-70","https://id.jobstreet.com/id/mechanical-jobs","2","https://id.jobstreet.com/id/mechanical-jobs?page=2","","https://id.jobstreet.com/id/job/78773472?type=standout&ref=search-standalone&origin=jobCard#sol=16af668fde3d51011f26aec3392a6a8fc8fa9c24","Engineering Supervisor","PT Rototama Berlianplast","Full time","",""
"1726207371-71","https://id.jobstreet.com/id/mechanical-jobs","2","https://id.jobstreet.com/id/mechanical-jobs?page=2","","https://id.jobstreet.com/id/job/78752127?type=standard&ref=search-standalone&origin=jobCard#sol=c54c7cce43e43c3be2d1c19f6dd8bd3b1cb5a731","Maintenance & Utility Technician","PT Garudafood Putra Putri Jaya","Full time","",""
"1726207373-72","https://id.jobstreet.com/id/mechanical-jobs","2","https://id.jobstreet.com/id/mechanical-jobs?page=2","","https://id.jobstreet.com/id/job/78638912?type=standout&ref=search-standalone&origin=jobCard#sol=be42cbb9dcac8eaff549e4f0fc79fb0a3ed22c8b","Manufacturing Engineer","PT Mattel Indonesia","Full time","Manufacture Engineer is a ""hands-on"" position that plans, directs, and coordinates manufacturing equipment and processes to produce high quality injection molded product.",""
"1726207373-73","https://id.jobstreet.com/id/mechanical-jobs","2","https://id.jobstreet.com/id/mechanical-jobs?page=2","","https://id.jobstreet.com/id/job/78638912?type=standout&ref=search-standalone&origin=jobCard#sol=be42cbb9dcac8eaff549e4f0fc79fb0a3ed22c8b","Manufacturing Engineer","PT Mattel Indonesia","Full time","Responsible for coordinating the molding efforts on new program launches, setting up and/or revising manufacturing processes and assisting the manufacturing operations in problem solving and continuous process improvements.",""
"1726207373-74","https://id.jobstreet.com/id/mechanical-jobs","2","https://id.jobstreet.com/id/mechanical-jobs?page=2","","https://id.jobstreet.com/id/job/78638912?type=standout&ref=search-standalone&origin=jobCard#sol=be42cbb9dcac8eaff549e4f0fc79fb0a3ed22c8b","Manufacturing Engineer","PT Mattel Indonesia","Full time","Monitoring the effectiveness of processes this individual quantifies results, documents and presents findings to management and prepares reports.",""
"1726207373-75","https://id.jobstreet.com/id/mechanical-jobs","2","https://id.jobstreet.com/id/mechanical-jobs?page=2","","https://id.jobstreet.com/id/job/78638912?type=standout&ref=search-standalone&origin=jobCard#sol=be42cbb9dcac8eaff549e4f0fc79fb0a3ed22c8b","Manufacturing Engineer","PT Mattel Indonesia","Full time","Mentors and provides training to other injection molding personnel.",""
"1726207373-76","https://id.jobstreet.com/id/mechanical-jobs","2","https://id.jobstreet.com/id/mechanical-jobs?page=2","","https://id.jobstreet.com/id/job/78638912?type=standout&ref=search-standalone&origin=jobCard#sol=be42cbb9dcac8eaff549e4f0fc79fb0a3ed22c8b","Manufacturing Engineer","PT Mattel Indonesia","Full time","","Bachelor’s degree in Mechanical is required."
"1726207373-77","https://id.jobstreet.com/id/mechanical-jobs","2","https://id.jobstreet.com/id/mechanical-jobs?page=2","","https://id.jobstreet.com/id/job/78638912?type=standout&ref=search-standalone&origin=jobCard#sol=be42cbb9dcac8eaff549e4f0fc79fb0a3ed22c8b","Manufacturing Engineer","PT Mattel Indonesia","Full time","","Must have at least 3-5 years of practical work experience in Manufacture Engineer. Prefer experience in Injection Molding Operation"
"1726207373-78","https://id.jobstreet.com/id/mechanical-jobs","2","https://id.jobstreet.com/id/mechanical-jobs?page=2","","https://id.jobstreet.com/id/job/78638912?type=standout&ref=search-standalone&origin=jobCard#sol=be42cbb9dcac8eaff549e4f0fc79fb0a3ed22c8b","Manufacturing Engineer","PT Mattel Indonesia","Full time","","Proficient in Microsoft Office (Outlook, Excel and Word)"
"1726207373-79","https://id.jobstreet.com/id/mechanical-jobs","2","https://id.jobstreet.com/id/mechanical-jobs?page=2","","https://id.jobstreet.com/id/job/78638912?type=standout&ref=search-standalone&origin=jobCard#sol=be42cbb9dcac8eaff549e4f0fc79fb0a3ed22c8b","Manufacturing Engineer","PT Mattel Indonesia","Full time","","Involve in molding FMEA and tolerances application"
"1726207373-80","https://id.jobstreet.com/id/mechanical-jobs","2","https://id.jobstreet.com/id/mechanical-jobs?page=2","","https://id.jobstreet.com/id/job/78638912?type=standout&ref=search-standalone&origin=jobCard#sol=be42cbb9dcac8eaff549e4f0fc79fb0a3ed22c8b","Manufacturing Engineer","PT Mattel Indonesia","Full time","","Define Mold features, and injection molding machine size."
"1726207373-81","https://id.jobstreet.com/id/mechanical-jobs","2","https://id.jobstreet.com/id/mechanical-jobs?page=2","","https://id.jobstreet.com/id/job/78638912?type=standout&ref=search-standalone&origin=jobCard#sol=be42cbb9dcac8eaff549e4f0fc79fb0a3ed22c8b","Manufacturing Engineer","PT Mattel Indonesia","Full time","","Evaluate feedback from production and supplier to initiate corrective and preventive actions (cost breakdown, problem solving, troubleshooting)"
"1726207373-82","https://id.jobstreet.com/id/mechanical-jobs","2","https://id.jobstreet.com/id/mechanical-jobs?page=2","","https://id.jobstreet.com/id/job/78638912?type=standout&ref=search-standalone&origin=jobCard#sol=be42cbb9dcac8eaff549e4f0fc79fb0a3ed22c8b","Manufacturing Engineer","PT Mattel Indonesia","Full time","","Validate 3D Molds design for layout and mold studies acceptance"
"1726207373-83","https://id.jobstreet.com/id/mechanical-jobs","2","https://id.jobstreet.com/id/mechanical-jobs?page=2","","https://id.jobstreet.com/id/job/78638912?type=standout&ref=search-standalone&origin=jobCard#sol=be42cbb9dcac8eaff549e4f0fc79fb0a3ed22c8b","Manufacturing Engineer","PT Mattel Indonesia","Full time","","Have exposure in automation"
"1726207373-84","https://id.jobstreet.com/id/mechanical-jobs","2","https://id.jobstreet.com/id/mechanical-jobs?page=2","","https://id.jobstreet.com/id/job/78638912?type=standout&ref=search-standalone&origin=jobCard#sol=be42cbb9dcac8eaff549e4f0fc79fb0a3ed22c8b","Manufacturing Engineer","PT Mattel Indonesia","Full time","","Willing to work in Cikarang-Bekasi"
"1726207375-85","https://id.jobstreet.com/id/mechanical-jobs","2","https://id.jobstreet.com/id/mechanical-jobs?page=2","","https://id.jobstreet.com/id/job/78623445?type=standard&ref=search-standalone&origin=jobCard#sol=df26f0ae136ef7d5a95fb2c8102b89a6da10d5a4","Mechanical Engineer","","Full time","Lulusan S1 Teknik Mesin Konversi Energi / Teknik Fisika",""
"1726207375-86","https://id.jobstreet.com/id/mechanical-jobs","2","https://id.jobstreet.com/id/mechanical-jobs?page=2","","https://id.jobstreet.com/id/job/78623445?type=standard&ref=search-standalone&origin=jobCard#sol=df26f0ae136ef7d5a95fb2c8102b89a6da10d5a4","Mechanical Engineer","","Full time","Pengalaman min. 3 tahun di Industri Pembangkit / Oil & Gas / Fertilizer",""
"1726207375-87","https://id.jobstreet.com/id/mechanical-jobs","2","https://id.jobstreet.com/id/mechanical-jobs?page=2","","https://id.jobstreet.com/id/job/78623445?type=standard&ref=search-standalone&origin=jobCard#sol=df26f0ae136ef7d5a95fb2c8102b89a6da10d5a4","Mechanical Engineer","","Full time","Diutamakan berpengalaman di bidang Konversi Energi",""
"1726207375-88","https://id.jobstreet.com/id/mechanical-jobs","2","https://id.jobstreet.com/id/mechanical-jobs?page=2","","https://id.jobstreet.com/id/job/78623445?type=standard&ref=search-standalone&origin=jobCard#sol=df26f0ae136ef7d5a95fb2c8102b89a6da10d5a4","Mechanical Engineer","","Full time","Berbahasa inggris aktif (Fluent English)",""
"1726207375-89","https://id.jobstreet.com/id/mechanical-jobs","2","https://id.jobstreet.com/id/mechanical-jobs?page=2","","https://id.jobstreet.com/id/job/78623445?type=standard&ref=search-standalone&origin=jobCard#sol=df26f0ae136ef7d5a95fb2c8102b89a6da10d5a4","Mechanical Engineer","","Full time","Maksimal usia 37 Tahun",""
"1726207375-90","https://id.jobstreet.com/id/mechanical-jobs","2","https://id.jobstreet.com/id/mechanical-jobs?page=2","","https://id.jobstreet.com/id/job/78623445?type=standard&ref=search-standalone&origin=jobCard#sol=df26f0ae136ef7d5a95fb2c8102b89a6da10d5a4","Mechanical Engineer","","Full time","Memiliki SIM A Aktif",""
"1726207375-91","https://id.jobstreet.com/id/mechanical-jobs","2","https://id.jobstreet.com/id/mechanical-jobs?page=2","","https://id.jobstreet.com/id/job/78623445?type=standard&ref=search-standalone&origin=jobCard#sol=df26f0ae136ef7d5a95fb2c8102b89a6da10d5a4","Mechanical Engineer","","Full time","","Pembuatan proposal dan melakukan presentasi"
"1726207375-92","https://id.jobstreet.com/id/mechanical-jobs","2","https://id.jobstreet.com/id/mechanical-jobs?page=2","","https://id.jobstreet.com/id/job/78623445?type=standard&ref=search-standalone&origin=jobCard#sol=df26f0ae136ef7d5a95fb2c8102b89a6da10d5a4","Mechanical Engineer","","Full time","","Merespon customer dan principal"
"1726207375-93","https://id.jobstreet.com/id/mechanical-jobs","2","https://id.jobstreet.com/id/mechanical-jobs?page=2","","https://id.jobstreet.com/id/job/78623445?type=standard&ref=search-standalone&origin=jobCard#sol=df26f0ae136ef7d5a95fb2c8102b89a6da10d5a4","Mechanical Engineer","","Full time","","Melakukan visit ke customer"
"1726207375-94","https://id.jobstreet.com/id/mechanical-jobs","2","https://id.jobstreet.com/id/mechanical-jobs?page=2","","https://id.jobstreet.com/id/job/78623445?type=standard&ref=search-standalone&origin=jobCard#sol=df26f0ae136ef7d5a95fb2c8102b89a6da10d5a4","Mechanical Engineer","","Full time","","Bertanggung jawab untuk eksekusi project dan closing project"
"1726207375-95","https://id.jobstreet.com/id/mechanical-jobs","2","https://id.jobstreet.com/id/mechanical-jobs?page=2","","https://id.jobstreet.com/id/job/78623445?type=standard&ref=search-standalone&origin=jobCard#sol=df26f0ae136ef7d5a95fb2c8102b89a6da10d5a4","Mechanical Engineer","","Full time","","Bersedia dinas ke luar kota"
"1726207378-96","https://id.jobstreet.com/id/mechanical-jobs","2","https://id.jobstreet.com/id/mechanical-jobs?page=2","","https://id.jobstreet.com/id/job/78683586?type=standout&ref=search-standalone&origin=jobCard#sol=a84a2e75f5f0eeb9e81f8bf1ab6317b215c649a4","Staff Konsultan Pengurusan SLF","PT Centralindo Jaya Indonesia","Full time","Planning, designing and drawing as specifications required (Civil especially construction, Mechanical, Electrical and Plumbing)",""
"1726207378-97","https://id.jobstreet.com/id/mechanical-jobs","2","https://id.jobstreet.com/id/mechanical-jobs?page=2","","https://id.jobstreet.com/id/job/78683586?type=standout&ref=search-standalone&origin=jobCard#sol=a84a2e75f5f0eeb9e81f8bf1ab6317b215c649a4","Staff Konsultan Pengurusan SLF","PT Centralindo Jaya Indonesia","Full time","Provides specialized and its expertise for efficient technical solutions",""
"1726207378-98","https://id.jobstreet.com/id/mechanical-jobs","2","https://id.jobstreet.com/id/mechanical-jobs?page=2","","https://id.jobstreet.com/id/job/78683586?type=standout&ref=search-standalone&origin=jobCard#sol=a84a2e75f5f0eeb9e81f8bf1ab6317b215c649a4","Staff Konsultan Pengurusan SLF","PT Centralindo Jaya Indonesia","Full time","Preparation & compilation of technical reports for all projects",""
"1726207378-99","https://id.jobstreet.com/id/mechanical-jobs","2","https://id.jobstreet.com/id/mechanical-jobs?page=2","","https://id.jobstreet.com/id/job/78683586?type=standout&ref=search-standalone&origin=jobCard#sol=a84a2e75f5f0eeb9e81f8bf1ab6317b215c649a4","Staff Konsultan Pengurusan SLF","PT Centralindo Jaya Indonesia","Full time","Doing site visit to know the nature and requirement of the site in terms of availability of resources and accessibility to the site and coordinate with concerned department",""
"1726207378-100","https://id.jobstreet.com/id/mechanical-jobs","2","https://id.jobstreet.com/id/mechanical-jobs?page=2","","https://id.jobstreet.com/id/job/78683586?type=standout&ref=search-standalone&origin=jobCard#sol=a84a2e75f5f0eeb9e81f8bf1ab6317b215c649a4","Staff Konsultan Pengurusan SLF","PT Centralindo Jaya Indonesia","Full time","Liaise with all parties involved in the projects (purchasing, contractors, consultants etc)",""
"1726207378-101","https://id.jobstreet.com/id/mechanical-jobs","2","https://id.jobstreet.com/id/mechanical-jobs?page=2","","https://id.jobstreet.com/id/job/78683586?type=standout&ref=search-standalone&origin=jobCard#sol=a84a2e75f5f0eeb9e81f8bf1ab6317b215c649a4","Staff Konsultan Pengurusan SLF","PT Centralindo Jaya Indonesia","Full time","Keep all data/documents of the project in a proper manner",""
"1726207378-102","https://id.jobstreet.com/id/mechanical-jobs","2","https://id.jobstreet.com/id/mechanical-jobs?page=2","","https://id.jobstreet.com/id/job/78683586?type=standout&ref=search-standalone&origin=jobCard#sol=a84a2e75f5f0eeb9e81f8bf1ab6317b215c649a4","Staff Konsultan Pengurusan SLF","PT Centralindo Jaya Indonesia","Full time","Carry out technical and feasibility studies and prepare blueprints that meet technical specifications",""
"1726207378-103","https://id.jobstreet.com/id/mechanical-jobs","2","https://id.jobstreet.com/id/mechanical-jobs?page=2","","https://id.jobstreet.com/id/job/78683586?type=standout&ref=search-standalone&origin=jobCard#sol=a84a2e75f5f0eeb9e81f8bf1ab6317b215c649a4","Staff Konsultan Pengurusan SLF","PT Centralindo Jaya Indonesia","Full time","Doing all reporting related with regular tasks and projects concerned (daily, weekly and monthly)",""
"1726207378-104","https://id.jobstreet.com/id/mechanical-jobs","2","https://id.jobstreet.com/id/mechanical-jobs?page=2","","https://id.jobstreet.com/id/job/78683586?type=standout&ref=search-standalone&origin=jobCard#sol=a84a2e75f5f0eeb9e81f8bf1ab6317b215c649a4","Staff Konsultan Pengurusan SLF","PT Centralindo Jaya Indonesia","Full time","","Bachelor degree's in Civil Engineering with min GPA 3.50"
"1726207378-105","https://id.jobstreet.com/id/mechanical-jobs","2","https://id.jobstreet.com/id/mechanical-jobs?page=2","","https://id.jobstreet.com/id/job/78683586?type=standout&ref=search-standalone&origin=jobCard#sol=a84a2e75f5f0eeb9e81f8bf1ab6317b215c649a4","Staff Konsultan Pengurusan SLF","PT Centralindo Jaya Indonesia","Full time","","Experience at least 2 years in related position"
"1726207378-106","https://id.jobstreet.com/id/mechanical-jobs","2","https://id.jobstreet.com/id/mechanical-jobs?page=2","","https://id.jobstreet.com/id/job/78683586?type=standout&ref=search-standalone&origin=jobCard#sol=a84a2e75f5f0eeb9e81f8bf1ab6317b215c649a4","Staff Konsultan Pengurusan SLF","PT Centralindo Jaya Indonesia","Full time","","Experience in construction and engineering processes (Civil Mechanical. Civil Electrical and Plumbing etc)"
"1726207378-107","https://id.jobstreet.com/id/mechanical-jobs","2","https://id.jobstreet.com/id/mechanical-jobs?page=2","","https://id.jobstreet.com/id/job/78683586?type=standout&ref=search-standalone&origin=jobCard#sol=a84a2e75f5f0eeb9e81f8bf1ab6317b215c649a4","Staff Konsultan Pengurusan SLF","PT Centralindo Jaya Indonesia","Full time","","Master in MS Office (word, excel, power point), Auto Cad, 3D drawing etc"
"1726207378-108","https://id.jobstreet.com/id/mechanical-jobs","2","https://id.jobstreet.com/id/mechanical-jobs?page=2","","https://id.jobstreet.com/id/job/78683586?type=standout&ref=search-standalone&origin=jobCard#sol=a84a2e75f5f0eeb9e81f8bf1ab6317b215c649a4","Staff Konsultan Pengurusan SLF","PT Centralindo Jaya Indonesia","Full time","","Having SKA ( Ahli K3 Konstruksi, Ahli Tehnik Jalan)"
"1726207378-109","https://id.jobstreet.com/id/mechanical-jobs","2","https://id.jobstreet.com/id/mechanical-jobs?page=2","","https://id.jobstreet.com/id/job/78683586?type=standout&ref=search-standalone&origin=jobCard#sol=a84a2e75f5f0eeb9e81f8bf1ab6317b215c649a4","Staff Konsultan Pengurusan SLF","PT Centralindo Jaya Indonesia","Full time","","Strong English command"
"1726207378-110","https://id.jobstreet.com/id/mechanical-jobs","2","https://id.jobstreet.com/id/mechanical-jobs?page=2","","https://id.jobstreet.com/id/job/78683586?type=standout&ref=search-standalone&origin=jobCard#sol=a84a2e75f5f0eeb9e81f8bf1ab6317b215c649a4","Staff Konsultan Pengurusan SLF","PT Centralindo Jaya Indonesia","Full time","","Good project management skills"
"1726207378-111","https://id.jobstreet.com/id/mechanical-jobs","2","https://id.jobstreet.com/id/mechanical-jobs?page=2","","https://id.jobstreet.com/id/job/78683586?type=standout&ref=search-standalone&origin=jobCard#sol=a84a2e75f5f0eeb9e81f8bf1ab6317b215c649a4","Staff Konsultan Pengurusan SLF","PT Centralindo Jaya Indonesia","Full time","","Placement in Cikarang"
"1726207380-112","https://id.jobstreet.com/id/mechanical-jobs","2","https://id.jobstreet.com/id/mechanical-jobs?page=2","","https://id.jobstreet.com/id/job/78693092?type=standout&ref=search-standalone&origin=jobCard#sol=4094e8d536f5085a3ff843c1b238b2efdd28ef48","MECHANICAL ENGINEERING","PT YKK Zipper Indonesia","Full time","",""
"1726207383-113","https://id.jobstreet.com/id/mechanical-jobs","2","https://id.jobstreet.com/id/mechanical-jobs?page=2","","https://id.jobstreet.com/id/job/78755288?type=standout&ref=search-standalone&origin=jobCard#sol=9886cc43a7a8bee92fd469c934c0574ae7b2284b","Mechanical Engineering","PT Wira Energi","Full time","Minimal D3/S1 jurusan teknik Mesin,",""
"1726207383-114","https://id.jobstreet.com/id/mechanical-jobs","2","https://id.jobstreet.com/id/mechanical-jobs?page=2","","https://id.jobstreet.com/id/job/78755288?type=standout&ref=search-standalone&origin=jobCard#sol=9886cc43a7a8bee92fd469c934c0574ae7b2284b","Mechanical Engineering","PT Wira Energi","Full time","Berpengalaman di bidang gas min 1 tahun,",""
"1726207383-115","https://id.jobstreet.com/id/mechanical-jobs","2","https://id.jobstreet.com/id/mechanical-jobs?page=2","","https://id.jobstreet.com/id/job/78755288?type=standout&ref=search-standalone&origin=jobCard#sol=9886cc43a7a8bee92fd469c934c0574ae7b2284b","Mechanical Engineering","PT Wira Energi","Full time","Paham terkait alur mekanikal secara sistem dan fungsi",""
"1726207383-116","https://id.jobstreet.com/id/mechanical-jobs","2","https://id.jobstreet.com/id/mechanical-jobs?page=2","","https://id.jobstreet.com/id/job/78755288?type=standout&ref=search-standalone&origin=jobCard#sol=9886cc43a7a8bee92fd469c934c0574ae7b2284b","Mechanical Engineering","PT Wira Energi","Full time","Diprioritaskan domisili Bali",""
"1726207383-117","https://id.jobstreet.com/id/mechanical-jobs","2","https://id.jobstreet.com/id/mechanical-jobs?page=2","","https://id.jobstreet.com/id/job/78755288?type=standout&ref=search-standalone&origin=jobCard#sol=9886cc43a7a8bee92fd469c934c0574ae7b2284b","Mechanical Engineering","PT Wira Energi","Full time","","Mengawasi seluruh kegiatan projek yg berkaitan dengan mekanikal dari mulai engineering s.d masa konstruksi"
"1726207383-118","https://id.jobstreet.com/id/mechanical-jobs","2","https://id.jobstreet.com/id/mechanical-jobs?page=2","","https://id.jobstreet.com/id/job/78755288?type=standout&ref=search-standalone&origin=jobCard#sol=9886cc43a7a8bee92fd469c934c0574ae7b2284b","Mechanical Engineering","PT Wira Energi","Full time","","Memeriksa dan menyiapkan laporan dan dokumen terkait dengan seluruh pekerjaan mekanikal"
"1726207383-119","https://id.jobstreet.com/id/mechanical-jobs","2","https://id.jobstreet.com/id/mechanical-jobs?page=2","","https://id.jobstreet.com/id/job/78755288?type=standout&ref=search-standalone&origin=jobCard#sol=9886cc43a7a8bee92fd469c934c0574ae7b2284b","Mechanical Engineering","PT Wira Energi","Full time","","Memastikan seluruh pekerjaan yg terintegrasi dengan sistem mekanikal teraplikasi dengan baik sesuai dengan dokumen perencanaan"
"1726207385-120","https://id.jobstreet.com/id/mechanical-jobs","2","https://id.jobstreet.com/id/mechanical-jobs?page=2","","https://id.jobstreet.com/id/job/78439064?type=standout&ref=search-standalone&origin=jobCard#sol=a497a74f20702c52e1088894b11d425da376093a","Manager / Chief Mechanical Electrical Plumbing (MEP), Location Batam","PT Citra Buana Prakarsa","Full time","",""
"1726207387-121","https://id.jobstreet.com/id/mechanical-jobs","2","https://id.jobstreet.com/id/mechanical-jobs?page=2","","https://id.jobstreet.com/id/job/78777864?type=standout&ref=search-standalone&origin=jobCard#sol=9a75d2fe9009d6ade9ddcbb71abf1e07169d365a","SENIOR STAFF PROCESS ENGINEER","PT Buana Merdeka Jaya","Full time","",""
"1726207390-122","https://id.jobstreet.com/id/mechanical-jobs","2","https://id.jobstreet.com/id/mechanical-jobs?page=2","","https://id.jobstreet.com/id/job/78529848?type=standout&ref=search-standalone&origin=jobCard#sol=ecce8f98d763306b98d1de9fdaddc9cfc0973dfa","Mechanical Rotating Engineer","PT JFE Engineering Indonesia","Full time","",""
"1726207392-123","https://id.jobstreet.com/id/mechanical-jobs","2","https://id.jobstreet.com/id/mechanical-jobs?page=2","","https://id.jobstreet.com/id/job/78750765?type=standout&ref=search-standalone&origin=jobCard#sol=0372c8feaa3065ebaddfffc43338336032617db5","Engineering (Maintenance / Utility) for PT Dankos Farma","PT KALBE FARMA (CORPORATE)","Full time","",""
"1726207395-124","https://id.jobstreet.com/id/mechanical-jobs","2","https://id.jobstreet.com/id/mechanical-jobs?page=2","","https://id.jobstreet.com/id/job/78552990?type=standout&ref=search-standalone&origin=jobCard#sol=ce19ada9ade45cd671308e712c818221636da1ab","Mechanical Engineer","PT Karya Tulus Bakti","Full time","",""
"1726207397-125","https://id.jobstreet.com/id/mechanical-jobs","2","https://id.jobstreet.com/id/mechanical-jobs?page=2","","https://id.jobstreet.com/id/job/78796052?type=standard&ref=search-standalone&origin=jobCard#sol=69dd7011e6837309f525b7ec9509a129a9385e2a","MEP Engineer","PT China Construction Yangtze River Indonesia","Kontrak","",""
"1726207399-126","https://id.jobstreet.com/id/mechanical-jobs","2","https://id.jobstreet.com/id/mechanical-jobs?page=2","","https://id.jobstreet.com/id/job/78698673?type=standout&ref=search-standalone&origin=jobCard#sol=36ab50755e2d26f50dd92dd01ec5d8b16f4c1093","Supervisor Maintenance Injection","Pengiklan Anonim","Full time","",""
"1726207402-127","https://id.jobstreet.com/id/mechanical-jobs","2","https://id.jobstreet.com/id/mechanical-jobs?page=2","","https://id.jobstreet.com/id/job/78566083?type=standout&ref=search-standalone&origin=jobCard#sol=afb38b970aa5cffe7881e1980cac8c42adc41fee","Workshop Technician Rotating Equipment","PT MAN Energy Solutions Indonesia - Surabaya","Full time","",""
"1726207404-128","https://id.jobstreet.com/id/mechanical-jobs","2","https://id.jobstreet.com/id/mechanical-jobs?page=2","","https://id.jobstreet.com/id/job/78485775?type=standout&ref=search-standalone&origin=jobCard#sol=82640bc8d8f5e33a623f679f07f5f104a7c38d30","Lead Mechanical Engineer","Princeton Digital Group (Singapore) SG1 Pte Ltd","Full time","",""
"1726207406-129","https://id.jobstreet.com/id/mechanical-jobs","2","https://id.jobstreet.com/id/mechanical-jobs?page=2","","https://id.jobstreet.com/id/job/78742197?type=standout&ref=search-standalone&origin=jobCard#sol=fee256d829887c2e409f7047bc3e1dcd171a0b5b","Technical Maintenance","PT SKY FOAM","Kontrak","",""
"1726207409-130","https://id.jobstreet.com/id/mechanical-jobs","2","https://id.jobstreet.com/id/mechanical-jobs?page=2","","https://id.jobstreet.com/id/job/78745782?type=standout&ref=search-standalone&origin=jobCard#sol=eb7f487f4eb9d3839b3454b9628255eb032d3f8d","Technician","PT FABILA T.S","Full time","",""
"1726207411-131","https://id.jobstreet.com/id/mechanical-jobs","2","https://id.jobstreet.com/id/mechanical-jobs?page=2","","https://id.jobstreet.com/id/job/78757331?type=standout&ref=search-standalone&origin=jobCard#sol=628fc96c3626f0555a743df1acfddcd7c29a57e9","Engineer / Technician","PT Giesecke & Devrient Indonesia","Full time","Pengalaman minimal 2 tahun sebagai maintenance ataupun engineer",""
"1726207411-132","https://id.jobstreet.com/id/mechanical-jobs","2","https://id.jobstreet.com/id/mechanical-jobs?page=2","","https://id.jobstreet.com/id/job/78757331?type=standout&ref=search-standalone&origin=jobCard#sol=628fc96c3626f0555a743df1acfddcd7c29a57e9","Engineer / Technician","PT Giesecke & Devrient Indonesia","Full time","Minimal Lulusan SMK (Mesin, Listrik dan Elektronika)",""
"1726207411-133","https://id.jobstreet.com/id/mechanical-jobs","2","https://id.jobstreet.com/id/mechanical-jobs?page=2","","https://id.jobstreet.com/id/job/78757331?type=standout&ref=search-standalone&origin=jobCard#sol=628fc96c3626f0555a743df1acfddcd7c29a57e9","Engineer / Technician","PT Giesecke & Devrient Indonesia","Full time","Bersedia melakukan perjalan dinas ke luar kota",""
"1726207413-134","https://id.jobstreet.com/id/mechanical-jobs","2","https://id.jobstreet.com/id/mechanical-jobs?page=2","","https://id.jobstreet.com/id/job/78756043?type=standard&ref=search-standalone&origin=jobCard#sol=73b1c1c2fe7d2ee119e0280f315267e33c7defd0","Engineering Staff","PT STANLI TRIJAYA MANDIRI","Full time","Minimum vocational high school/diploma in electrical or mechanical engineering.",""
"1726207413-135","https://id.jobstreet.com/id/mechanical-jobs","2","https://id.jobstreet.com/id/mechanical-jobs?page=2","","https://id.jobstreet.com/id/job/78756043?type=standard&ref=search-standalone&origin=jobCard#sol=73b1c1c2fe7d2ee119e0280f315267e33c7defd0","Engineering Staff","PT STANLI TRIJAYA MANDIRI","Full time","Minimum of 1 year of experience as maintenance staff",""
"1726207413-136","https://id.jobstreet.com/id/mechanical-jobs","2","https://id.jobstreet.com/id/mechanical-jobs?page=2","","https://id.jobstreet.com/id/job/78756043?type=standard&ref=search-standalone&origin=jobCard#sol=73b1c1c2fe7d2ee119e0280f315267e33c7defd0","Engineering Staff","PT STANLI TRIJAYA MANDIRI","Full time","Understanding of electrical supporting equipment (maintenance) in the production process (PLC, 3 Phase Motors, or Microcontroller)",""
"1726207413-137","https://id.jobstreet.com/id/mechanical-jobs","2","https://id.jobstreet.com/id/mechanical-jobs?page=2","","https://id.jobstreet.com/id/job/78756043?type=standard&ref=search-standalone&origin=jobCard#sol=73b1c1c2fe7d2ee119e0280f315267e33c7defd0","Engineering Staff","PT STANLI TRIJAYA MANDIRI","Full time","Good communication skills.",""
"1726207413-138","https://id.jobstreet.com/id/mechanical-jobs","2","https://id.jobstreet.com/id/mechanical-jobs?page=2","","https://id.jobstreet.com/id/job/78756043?type=standard&ref=search-standalone&origin=jobCard#sol=73b1c1c2fe7d2ee119e0280f315267e33c7defd0","Engineering Staff","PT STANLI TRIJAYA MANDIRI","Full time","Willing to work in shifts.",""
"1726207413-139","https://id.jobstreet.com/id/mechanical-jobs","2","https://id.jobstreet.com/id/mechanical-jobs?page=2","","https://id.jobstreet.com/id/job/78756043?type=standard&ref=search-standalone&origin=jobCard#sol=73b1c1c2fe7d2ee119e0280f315267e33c7defd0","Engineering Staff","PT STANLI TRIJAYA MANDIRI","Full time","Willing to be placed at the Rancaekek or Kopo-Katapang plant",""
"1726207413-140","https://id.jobstreet.com/id/mechanical-jobs","2","https://id.jobstreet.com/id/mechanical-jobs?page=2","","https://id.jobstreet.com/id/job/78756043?type=standard&ref=search-standalone&origin=jobCard#sol=73b1c1c2fe7d2ee119e0280f315267e33c7defd0","Engineering Staff","PT STANLI TRIJAYA MANDIRI","Full time","","Minimum diploma degree in mechanical engineering or administration."
"1726207413-141","https://id.jobstreet.com/id/mechanical-jobs","2","https://id.jobstreet.com/id/mechanical-jobs?page=2","","https://id.jobstreet.com/id/job/78756043?type=standard&ref=search-standalone&origin=jobCard#sol=73b1c1c2fe7d2ee119e0280f315267e33c7defd0","Engineering Staff","PT STANLI TRIJAYA MANDIRI","Full time","","Minimum 1 year of experience as an engineering admin."
"1726207413-142","https://id.jobstreet.com/id/mechanical-jobs","2","https://id.jobstreet.com/id/mechanical-jobs?page=2","","https://id.jobstreet.com/id/job/78756043?type=standard&ref=search-standalone&origin=jobCard#sol=73b1c1c2fe7d2ee119e0280f315267e33c7defd0","Engineering Staff","PT STANLI TRIJAYA MANDIRI","Full time","","Understand how to archive documents properly."
"1726207413-143","https://id.jobstreet.com/id/mechanical-jobs","2","https://id.jobstreet.com/id/mechanical-jobs?page=2","","https://id.jobstreet.com/id/job/78756043?type=standard&ref=search-standalone&origin=jobCard#sol=73b1c1c2fe7d2ee119e0280f315267e33c7defd0","Engineering Staff","PT STANLI TRIJAYA MANDIRI","Full time","","Detailed and well organized."
"1726207413-144","https://id.jobstreet.com/id/mechanical-jobs","2","https://id.jobstreet.com/id/mechanical-jobs?page=2","","https://id.jobstreet.com/id/job/78756043?type=standard&ref=search-standalone&origin=jobCard#sol=73b1c1c2fe7d2ee119e0280f315267e33c7defd0","Engineering Staff","PT STANLI TRIJAYA MANDIRI","Full time","","Good communication skills."
"1726207413-145","https://id.jobstreet.com/id/mechanical-jobs","2","https://id.jobstreet.com/id/mechanical-jobs?page=2","","https://id.jobstreet.com/id/job/78756043?type=standard&ref=search-standalone&origin=jobCard#sol=73b1c1c2fe7d2ee119e0280f315267e33c7defd0","Engineering Staff","PT STANLI TRIJAYA MANDIRI","Full time","","Willing to be placed at Kopo-Katapang plant."
"1726207416-146","https://id.jobstreet.com/id/mechanical-jobs","2","https://id.jobstreet.com/id/mechanical-jobs?page=2","","https://id.jobstreet.com/id/job/78649250?type=standout&ref=search-standalone&origin=jobCard#sol=591374d55554ad99cb90a730ec93a828396db452","Mechanical Engineer","PT Utama Nilai Sentosa","Full time","Proficient in verbal and written English is a must",""
"1726207416-147","https://id.jobstreet.com/id/mechanical-jobs","2","https://id.jobstreet.com/id/mechanical-jobs?page=2","","https://id.jobstreet.com/id/job/78649250?type=standout&ref=search-standalone&origin=jobCard#sol=591374d55554ad99cb90a730ec93a828396db452","Mechanical Engineer","PT Utama Nilai Sentosa","Full time","Computer literate (Microsoft Words and Excel)",""
"1726207416-148","https://id.jobstreet.com/id/mechanical-jobs","2","https://id.jobstreet.com/id/mechanical-jobs?page=2","","https://id.jobstreet.com/id/job/78649250?type=standout&ref=search-standalone&origin=jobCard#sol=591374d55554ad99cb90a730ec93a828396db452","Mechanical Engineer","PT Utama Nilai Sentosa","Full time","Ability to work in a team and individually",""
"1726207416-149","https://id.jobstreet.com/id/mechanical-jobs","2","https://id.jobstreet.com/id/mechanical-jobs?page=2","","https://id.jobstreet.com/id/job/78649250?type=standout&ref=search-standalone&origin=jobCard#sol=591374d55554ad99cb90a730ec93a828396db452","Mechanical Engineer","PT Utama Nilai Sentosa","Full time","Willing to travel to all areas in Indonesia",""
"1726207416-150","https://id.jobstreet.com/id/mechanical-jobs","2","https://id.jobstreet.com/id/mechanical-jobs?page=2","","https://id.jobstreet.com/id/job/78649250?type=standout&ref=search-standalone&origin=jobCard#sol=591374d55554ad99cb90a730ec93a828396db452","Mechanical Engineer","PT Utama Nilai Sentosa","Full time","Goal-oriented and hard-working individual",""
"1726207416-151","https://id.jobstreet.com/id/mechanical-jobs","2","https://id.jobstreet.com/id/mechanical-jobs?page=2","","https://id.jobstreet.com/id/job/78649250?type=standout&ref=search-standalone&origin=jobCard#sol=591374d55554ad99cb90a730ec93a828396db452","Mechanical Engineer","PT Utama Nilai Sentosa","Full time","Fresh graduate applicants are encourage to apply",""
"1726207416-152","https://id.jobstreet.com/id/mechanical-jobs","2","https://id.jobstreet.com/id/mechanical-jobs?page=2","","https://id.jobstreet.com/id/job/78649250?type=standout&ref=search-standalone&origin=jobCard#sol=591374d55554ad99cb90a730ec93a828396db452","Mechanical Engineer","PT Utama Nilai Sentosa","Full time","Graduated from reputable university",""
"1726207418-153","https://id.jobstreet.com/id/mechanical-jobs","2","https://id.jobstreet.com/id/mechanical-jobs?page=2","","https://id.jobstreet.com/id/job/78473182?type=standout&ref=search-standalone&origin=jobCard#sol=737ab5c2e9330b034cd8c197cef3a3b354a9ec44","Mechanical Engineer","PT CNC Disain Nusantara","Full time","",""
"1726207421-154","https://id.jobstreet.com/id/mechanical-jobs","2","https://id.jobstreet.com/id/mechanical-jobs?page=2","","https://id.jobstreet.com/id/job/78781974?type=standard&ref=search-standalone&origin=jobCard#sol=d8b93b136bbbe996297136cebe25f12c5418493a","Project Engineer - Trading - Surabaya (ID: 143271)","PT. PERSOLKELLY Recruitment Indonesia","Full time","",""
"1726207423-155","https://id.jobstreet.com/id/mechanical-jobs","2","https://id.jobstreet.com/id/mechanical-jobs?page=2","","https://id.jobstreet.com/id/job/78782431?type=standout&ref=search-standalone&origin=jobCard#sol=37d546a931775e00edbbf10e13efbeddcd1c4eb3","Field Service Representative","PT Ebara Turbomachinery Services Indonesia","Full time","",""
"1726207425-156","https://id.jobstreet.com/id/mechanical-jobs","2","https://id.jobstreet.com/id/mechanical-jobs?page=2","","https://id.jobstreet.com/id/job/78686373?type=standout&ref=search-standalone&origin=jobCard#sol=ac1ad56416ce6d7f3c87d245ddc1f0b132b20077","MEP Inspector","Agung Sedayu Group","Full time","",""
"1726207428-157","https://id.jobstreet.com/id/mechanical-jobs","2","https://id.jobstreet.com/id/mechanical-jobs?page=2","","https://id.jobstreet.com/id/job/78772591?type=standout&ref=search-standalone&origin=jobCard#sol=73137fa23560220e748e58c243d5a732c9e68662","Mechanical Engineering","Testing, Inspection & Consultant Company","Full time","",""
"1726207430-158","https://id.jobstreet.com/id/mechanical-jobs","2","https://id.jobstreet.com/id/mechanical-jobs?page=2","","https://id.jobstreet.com/id/job/78771813?type=standout&ref=search-standalone&origin=jobCard#sol=737cad695c986be132e6c50c923709c8e65abaa0","OFFICER - AIRPORT MECHANICAL","PT Amman Mineral Nusa Tenggara","Full time","",""
"1726207432-159","https://id.jobstreet.com/id/mechanical-jobs","2","https://id.jobstreet.com/id/mechanical-jobs?page=2","","https://id.jobstreet.com/id/job/78780508?type=standout&ref=search-standalone&origin=jobCard#sol=dc55a9e9b33b5819342f922f4b094ca5493b91b7","Staf Engineering - Budget and Control","PT Sahabat Hijau Lestari","Full time","",""
"1726207435-160","https://id.jobstreet.com/id/mechanical-jobs","2","https://id.jobstreet.com/id/mechanical-jobs?page=2","","https://id.jobstreet.com/id/job/78713853?type=standout&ref=search-standalone&origin=jobCard#sol=570cced699dc3727c5848e1830300fd2d8bae6f7","Maintenance Lead - Printing / Packaging Manufacture - Pasuruan","PT. PERSOLKELLY Recruitment Indonesia","Full time","",""
"1726207437-161","https://id.jobstreet.com/id/mechanical-jobs","2","https://id.jobstreet.com/id/mechanical-jobs?page=2","","https://id.jobstreet.com/id/job/78755212?type=standard&ref=search-standalone&origin=jobCard#sol=41eaa3624dd2c13cc1df338c00d3f42e40bbf4c1","Jr. Planner Polymer Production Engineer","PT Suprabakti Mandiri","Full time","",""
